Parameter,Object,Object timestamp,Writable,Writable timestamp,Value,Value type,Value timestamp,Notification,Notification timestamp,Access list,Access list timestamp
DeviceID.ID,false,2025-07-29T15:14:44.092Z,false,2025-07-29T15:14:44.092Z,"3CF652-F663NV9-ZTEGCAAB8C21",xsd:string,2025-07-29T15:14:44.092Z,,,,
DeviceID.Manufacturer,false,2025-07-29T15:14:44.092Z,false,2025-07-29T15:14:44.092Z,"ZTE",xsd:string,2025-07-29T15:14:44.092Z,,,,
DeviceID.OUI,false,2025-07-29T15:14:44.092Z,false,2025-07-29T15:14:44.092Z,"3CF652",xsd:string,2025-07-29T15:14:44.092Z,,,,
DeviceID.ProductClass,false,2025-07-29T15:14:44.092Z,false,2025-07-29T15:14:44.092Z,"F663NV9",xsd:string,2025-07-29T15:14:44.092Z,,,,
DeviceID.SerialNumber,false,2025-07-29T15:14:44.092Z,false,2025-07-29T15:14:44.092Z,"ZTEGCAAB8C21",xsd:string,2025-07-29T15:14:44.092Z,,,,
Events.0_BOOTSTRAP,false,2025-07-29T15:14:44.092Z,false,2025-07-29T15:14:44.092Z,"2025-07-29T09:19:12.427Z",xsd:dateTime,2025-07-29T15:14:44.092Z,,,,
Events.Inform,false,2025-07-29T15:14:44.092Z,false,2025-07-29T15:14:44.092Z,"2025-07-29T15:14:44.092Z",xsd:dateTime,2025-07-29T15:14:44.092Z,,,,
Events.Registered,false,2025-07-29T15:14:44.092Z,false,2025-07-29T15:14:44.092Z,"2025-07-29T09:19:12.427Z",xsd:dateTime,2025-07-29T15:14:44.092Z,,,,
InternetGatewayDevice,true,2025-07-29T09:20:40.979Z,false,2025-07-29T09:20:40.979Z,"",,,,,,
InternetGatewayDevice.DeviceInfo,true,2025-07-29T09:20:40.979Z,false,2025-07-29T09:20:40.979Z,"",,,,,,
InternetGatewayDevice.DeviceInfo.AdditionalHardwareVersion,false,2025-07-29T09:20:40.979Z,false,2025-07-29T09:20:40.979Z,"",,,,,,
InternetGatewayDevice.DeviceInfo.Description,false,2025-07-29T09:20:40.979Z,false,2025-07-29T09:20:40.979Z,"",,,,,,
InternetGatewayDevice.DeviceInfo.FirstUseDate,false,2025-07-29T09:20:40.979Z,false,2025-07-29T09:20:40.979Z,"",,,,,,
InternetGatewayDevice.DeviceInfo.HardwareVersion,false,2025-07-29T09:20:40.979Z,false,2025-07-29T09:20:40.979Z,"V9.0",xsd:string,2025-07-29T15:14:44.093Z,,,,
InternetGatewayDevice.DeviceInfo.Manufacturer,false,2025-07-29T09:20:40.979Z,false,2025-07-29T09:20:40.979Z,"",,,,,,
InternetGatewayDevice.DeviceInfo.ManufacturerOUI,false,2025-07-29T09:20:40.979Z,false,2025-07-29T09:20:40.979Z,"3CF652",xsd:string,2025-07-29T15:14:44.093Z,,,,
InternetGatewayDevice.DeviceInfo.MemoryStatus,true,2025-07-29T09:20:40.979Z,false,2025-07-29T09:20:40.979Z,"",,,,,,
InternetGatewayDevice.DeviceInfo.ModelName,false,2025-07-29T09:20:40.979Z,false,2025-07-29T09:20:40.979Z,"",,,,,,
InternetGatewayDevice.DeviceInfo.ModemFirmwareVersion,false,2025-07-29T09:20:40.979Z,false,2025-07-29T09:20:40.979Z,"",,,,,,
InternetGatewayDevice.DeviceInfo.ProcessStatus,true,2025-07-29T09:20:40.979Z,false,2025-07-29T09:20:40.979Z,"",,,,,,
InternetGatewayDevice.DeviceInfo.ProductClass,false,2025-07-29T09:20:40.979Z,false,2025-07-29T09:20:40.979Z,"",,,,,,
InternetGatewayDevice.DeviceInfo.ProvisioningCode,false,2025-07-29T09:20:40.979Z,false,2025-07-29T09:20:40.979Z,"TLCO.GRP2",xsd:string,2025-07-29T15:14:44.093Z,,,,
InternetGatewayDevice.DeviceInfo.SerialNumber,false,2025-07-29T09:20:40.979Z,false,2025-07-29T09:20:40.979Z,"",,,,,,
InternetGatewayDevice.DeviceInfo.SoftwareVersion,false,2025-07-29T09:20:40.979Z,false,2025-07-29T09:20:40.979Z,"V9.0.0P1T8",xsd:string,2025-07-29T15:14:44.093Z,,,,
InternetGatewayDevice.DeviceInfo.SpecVersion,false,2025-07-29T09:20:40.979Z,false,2025-07-29T09:20:40.979Z,"1.0",xsd:string,2025-07-29T15:14:44.093Z,,,,
InternetGatewayDevice.DeviceInfo.UpTime,false,2025-07-29T09:20:40.979Z,false,2025-07-29T09:20:40.979Z,"1630857",xsd:unsignedInt,2025-07-29T15:14:40.510Z,,,,
InternetGatewayDevice.DeviceInfo.X_CMCC_ALGAbility,true,2025-07-29T09:20:40.979Z,false,2025-07-29T09:20:40.979Z,"",,,,,,
InternetGatewayDevice.DeviceInfo.X_CMCC_Alarm,true,2025-07-29T09:20:40.979Z,false,2025-07-29T09:20:40.979Z,"",,,,,,
InternetGatewayDevice.DeviceInfo.X_CMCC_CPUClass,false,2025-07-29T09:20:40.979Z,false,2025-07-29T09:20:40.979Z,"",,,,,,
InternetGatewayDevice.DeviceInfo.X_CMCC_CustomiseName,false,2025-07-29T09:20:40.979Z,true,2025-07-29T09:20:40.979Z,"",,,,,,
InternetGatewayDevice.DeviceInfo.X_CMCC_DLNA,true,2025-07-29T09:20:40.979Z,false,2025-07-29T09:20:40.979Z,"",,,,,,
InternetGatewayDevice.DeviceInfo.X_CMCC_DeviceType,false,2025-07-29T09:20:40.979Z,false,2025-07-29T09:20:40.979Z,"Model3",xsd:string,2025-07-29T15:14:44.093Z,,,,
InternetGatewayDevice.DeviceInfo.X_CMCC_IPProtocolVersion,true,2025-07-29T09:20:40.979Z,false,2025-07-29T09:20:40.979Z,"",,,,,,
InternetGatewayDevice.DeviceInfo.X_CMCC_LedControl,true,2025-07-29T09:20:40.979Z,false,2025-07-29T09:20:40.979Z,"",,,,,,
InternetGatewayDevice.DeviceInfo.X_CMCC_Monitor,true,2025-07-29T09:20:40.979Z,false,2025-07-29T09:20:40.979Z,"",,,,,,
InternetGatewayDevice.DeviceInfo.X_CMCC_PONUpTime,false,2025-07-29T09:20:40.979Z,false,2025-07-29T09:20:40.979Z,"",,,,,,
InternetGatewayDevice.DeviceInfo.X_CMCC_Ping,true,2025-07-29T09:20:40.979Z,false,2025-07-29T09:20:40.979Z,"",,,,,,
InternetGatewayDevice.DeviceInfo.X_CMCC_PortalManagement,true,2025-07-29T09:20:40.979Z,false,2025-07-29T09:20:40.979Z,"",,,,,,
InternetGatewayDevice.DeviceInfo.X_CMCC_ReConnect,true,2025-07-29T09:20:40.979Z,false,2025-07-29T09:20:40.979Z,"",,,,,,
InternetGatewayDevice.DeviceInfo.X_CMCC_Restore,true,2025-07-29T09:20:40.979Z,false,2025-07-29T09:20:40.979Z,"",,,,,,
InternetGatewayDevice.DeviceInfo.X_CMCC_ServiceManage,true,2025-07-29T09:20:40.979Z,false,2025-07-29T09:20:40.979Z,"",,,,,,
InternetGatewayDevice.DeviceInfo.X_CMCC_Syslog,true,2025-07-29T09:20:40.979Z,false,2025-07-29T09:20:40.979Z,"",,,,,,
InternetGatewayDevice.DeviceInfo.X_CMCC_TeleComAccount,true,2025-07-29T09:20:40.979Z,false,2025-07-29T09:20:40.979Z,"",,,,,,
InternetGatewayDevice.DeviceInfo.X_CMCC_UPNP,true,2025-07-29T09:20:40.979Z,false,2025-07-29T09:20:40.979Z,"",,,,,,
InternetGatewayDevice.DeviceInfo.X_CMCC_UpLinkType,false,2025-07-29T09:20:40.979Z,false,2025-07-29T09:20:40.979Z,"",,,,,,
InternetGatewayDevice.DeviceSummary,false,2025-07-29T09:20:40.979Z,false,2025-07-29T09:20:40.979Z,"",,,,,,
InternetGatewayDevice.DownloadDiagnostics,true,2025-07-29T09:20:40.979Z,false,2025-07-29T09:20:40.979Z,"",,,,,,
InternetGatewayDevice.IPPingDiagnostics,true,2025-07-29T09:20:40.979Z,false,2025-07-29T09:20:40.979Z,"",,,,,,
InternetGatewayDevice.LANDevice,true,2025-07-29T09:20:40.979Z,false,2025-07-29T09:20:40.979Z,"",,,,,,
InternetGatewayDevice.LANDevice.1,true,2025-07-29T14:49:13.180Z,false,2025-07-29T14:49:13.180Z,"",,,,,,
InternetGatewayDevice.LANDevice.1.Hosts,true,2025-07-29T14:49:13.180Z,false,2025-07-29T14:49:13.180Z,"",,,,,,
InternetGatewayDevice.LANDevice.1.Hosts.Host,true,2025-07-29T14:49:13.180Z,false,2025-07-29T14:49:13.180Z,"",,,,,,
InternetGatewayDevice.LANDevice.1.Hosts.Host.4,true,2025-07-29T15:14:44.092Z,false,2025-07-29T15:14:44.092Z,"",,,,,,
InternetGatewayDevice.LANDevice.1.Hosts.Host.4.Active,false,2025-07-29T15:14:44.092Z,false,2025-07-29T15:14:44.092Z,"TRUE",xsd:boolean,2025-07-29T15:14:44.096Z,,,,
InternetGatewayDevice.LANDevice.1.Hosts.Host.4.AddressSource,false,2025-07-29T15:14:44.092Z,false,2025-07-29T15:14:44.092Z,"DHCP",xsd:string,2025-07-29T15:14:44.096Z,,,,
InternetGatewayDevice.LANDevice.1.Hosts.Host.4.HostName,false,2025-07-29T15:14:44.092Z,false,2025-07-29T15:14:44.092Z,"Galaxy-A03s",xsd:string,2025-07-29T15:14:44.096Z,,,,
InternetGatewayDevice.LANDevice.1.Hosts.Host.4.IPAddress,false,2025-07-29T15:14:44.092Z,false,2025-07-29T15:14:44.092Z,"192.168.1.4",xsd:string,2025-07-29T15:14:44.096Z,,,,
InternetGatewayDevice.LANDevice.1.Hosts.Host.4.InterfaceType,false,2025-07-29T15:14:44.092Z,false,2025-07-29T15:14:44.092Z,"802.11",xsd:string,2025-07-29T15:14:44.096Z,,,,
InternetGatewayDevice.LANDevice.1.Hosts.Host.4.Layer2Interface,false,2025-07-29T15:14:44.092Z,false,2025-07-29T15:14:44.092Z,"InternetGatewayDevice.LANDevice.1.WLANConfiguration.1",xsd:string,2025-07-29T15:14:44.096Z,,,,
InternetGatewayDevice.LANDevice.1.Hosts.Host.4.LeaseTimeRemaining,false,2025-07-29T15:14:44.092Z,false,2025-07-29T15:14:44.092Z,"47362",xsd:int,2025-07-29T15:14:44.096Z,,,,
InternetGatewayDevice.LANDevice.1.Hosts.Host.4.MACAddress,false,2025-07-29T15:14:44.092Z,false,2025-07-29T15:14:44.092Z,"7E:C2:BB:83:FC:EB",xsd:string,2025-07-29T15:14:44.096Z,,,,
InternetGatewayDevice.LANDevice.1.Hosts.Host.4.X_CMCC_Stats,true,2025-07-29T15:14:44.092Z,false,2025-07-29T15:14:44.092Z,"",,,,,,
InternetGatewayDevice.LANDevice.1.Hosts.Host.4.X_CMCC_Stats.BytesReceived,false,2025-07-29T15:14:44.092Z,false,2025-07-29T15:14:44.092Z,"1666319998",xsd:unsignedInt,2025-07-29T15:14:44.096Z,,,,
InternetGatewayDevice.LANDevice.1.Hosts.Host.4.X_CMCC_Stats.BytesSent,false,2025-07-29T15:14:44.092Z,false,2025-07-29T15:14:44.092Z,"94976250",xsd:unsignedInt,2025-07-29T15:14:44.096Z,,,,
InternetGatewayDevice.LANDevice.1.Hosts.Host.5,true,2025-07-29T15:14:44.092Z,false,2025-07-29T15:14:44.092Z,"",,,,,,
InternetGatewayDevice.LANDevice.1.Hosts.Host.5.Active,false,2025-07-29T15:14:44.092Z,false,2025-07-29T15:14:44.092Z,"TRUE",xsd:boolean,2025-07-29T15:14:44.096Z,,,,
InternetGatewayDevice.LANDevice.1.Hosts.Host.5.AddressSource,false,2025-07-29T15:14:44.092Z,false,2025-07-29T15:14:44.092Z,"DHCP",xsd:string,2025-07-29T15:14:44.096Z,,,,
InternetGatewayDevice.LANDevice.1.Hosts.Host.5.HostName,false,2025-07-29T15:14:44.092Z,false,2025-07-29T15:14:44.092Z,"OPPO-A53",xsd:string,2025-07-29T15:14:44.096Z,,,,
InternetGatewayDevice.LANDevice.1.Hosts.Host.5.IPAddress,false,2025-07-29T15:14:44.092Z,false,2025-07-29T15:14:44.092Z,"192.168.1.5",xsd:string,2025-07-29T15:14:44.096Z,,,,
InternetGatewayDevice.LANDevice.1.Hosts.Host.5.InterfaceType,false,2025-07-29T15:14:44.092Z,false,2025-07-29T15:14:44.092Z,"802.11",xsd:string,2025-07-29T15:14:44.096Z,,,,
InternetGatewayDevice.LANDevice.1.Hosts.Host.5.Layer2Interface,false,2025-07-29T15:14:44.092Z,false,2025-07-29T15:14:44.092Z,"InternetGatewayDevice.LANDevice.1.WLANConfiguration.1",xsd:string,2025-07-29T15:14:44.096Z,,,,
InternetGatewayDevice.LANDevice.1.Hosts.Host.5.LeaseTimeRemaining,false,2025-07-29T15:14:44.092Z,false,2025-07-29T15:14:44.092Z,"65957",xsd:int,2025-07-29T15:14:44.096Z,,,,
InternetGatewayDevice.LANDevice.1.Hosts.Host.5.MACAddress,false,2025-07-29T15:14:44.092Z,false,2025-07-29T15:14:44.092Z,"66:BA:11:40:61:D8",xsd:string,2025-07-29T15:14:44.096Z,,,,
InternetGatewayDevice.LANDevice.1.Hosts.Host.5.X_CMCC_Stats,true,2025-07-29T15:14:44.092Z,false,2025-07-29T15:14:44.092Z,"",,,,,,
InternetGatewayDevice.LANDevice.1.Hosts.Host.5.X_CMCC_Stats.BytesReceived,false,2025-07-29T15:14:44.092Z,false,2025-07-29T15:14:44.092Z,"1012665278",xsd:unsignedInt,2025-07-29T15:14:44.096Z,,,,
InternetGatewayDevice.LANDevice.1.Hosts.Host.5.X_CMCC_Stats.BytesSent,false,2025-07-29T15:14:44.092Z,false,2025-07-29T15:14:44.092Z,"114000038",xsd:unsignedInt,2025-07-29T15:14:44.096Z,,,,
InternetGatewayDevice.LANDevice.1.Hosts.Host.6,true,2025-07-29T15:14:44.092Z,false,2025-07-29T15:14:44.092Z,"",,,,,,
InternetGatewayDevice.LANDevice.1.Hosts.Host.6.Active,false,2025-07-29T15:14:44.092Z,false,2025-07-29T15:14:44.092Z,"TRUE",xsd:boolean,2025-07-29T15:14:44.096Z,,,,
InternetGatewayDevice.LANDevice.1.Hosts.Host.6.AddressSource,false,2025-07-29T15:14:44.092Z,false,2025-07-29T15:14:44.092Z,"DHCP",xsd:string,2025-07-29T15:14:44.096Z,,,,
InternetGatewayDevice.LANDevice.1.Hosts.Host.6.HostName,false,2025-07-29T15:14:44.092Z,false,2025-07-29T15:14:44.092Z,"Redmi-10",xsd:string,2025-07-29T15:14:44.096Z,,,,
InternetGatewayDevice.LANDevice.1.Hosts.Host.6.IPAddress,false,2025-07-29T15:14:44.092Z,false,2025-07-29T15:14:44.092Z,"192.168.1.3",xsd:string,2025-07-29T15:14:44.096Z,,,,
InternetGatewayDevice.LANDevice.1.Hosts.Host.6.InterfaceType,false,2025-07-29T15:14:44.092Z,false,2025-07-29T15:14:44.092Z,"802.11",xsd:string,2025-07-29T15:14:44.096Z,,,,
InternetGatewayDevice.LANDevice.1.Hosts.Host.6.Layer2Interface,false,2025-07-29T15:14:44.092Z,false,2025-07-29T15:14:44.092Z,"InternetGatewayDevice.LANDevice.1.WLANConfiguration.1",xsd:string,2025-07-29T15:14:44.096Z,,,,
InternetGatewayDevice.LANDevice.1.Hosts.Host.6.LeaseTimeRemaining,false,2025-07-29T15:14:44.092Z,false,2025-07-29T15:14:44.092Z,"79915",xsd:int,2025-07-29T15:14:44.096Z,,,,
InternetGatewayDevice.LANDevice.1.Hosts.Host.6.MACAddress,false,2025-07-29T15:14:44.092Z,false,2025-07-29T15:14:44.092Z,"6E:0A:CD:86:A7:35",xsd:string,2025-07-29T15:14:44.096Z,,,,
InternetGatewayDevice.LANDevice.1.Hosts.Host.6.X_CMCC_Stats,true,2025-07-29T15:14:44.092Z,false,2025-07-29T15:14:44.092Z,"",,,,,,
InternetGatewayDevice.LANDevice.1.Hosts.Host.6.X_CMCC_Stats.BytesReceived,false,2025-07-29T15:14:44.092Z,false,2025-07-29T15:14:44.092Z,"946884938",xsd:unsignedInt,2025-07-29T15:14:44.098Z,,,,
InternetGatewayDevice.LANDevice.1.Hosts.Host.6.X_CMCC_Stats.BytesSent,false,2025-07-29T15:14:44.092Z,false,2025-07-29T15:14:44.092Z,"84166177",xsd:unsignedInt,2025-07-29T15:14:44.098Z,,,,
InternetGatewayDevice.LANDevice.1.Hosts.HostNumberOfEntries,false,2025-07-29T14:49:13.180Z,false,2025-07-29T14:49:13.180Z,"",,,,,,
InternetGatewayDevice.LANDevice.1.LANEthernetInterfaceConfig,true,2025-07-29T14:49:13.180Z,false,2025-07-29T14:49:13.180Z,"",,,,,,
InternetGatewayDevice.LANDevice.1.LANHostConfigManagement,true,2025-07-29T14:49:13.180Z,false,2025-07-29T14:49:13.180Z,"",,,,,,
InternetGatewayDevice.LANDevice.1.LANHostConfigManagement.AllowedMACAddresses,false,2025-07-29T14:49:13.180Z,true,2025-07-29T14:49:13.180Z,"",,,,,,
InternetGatewayDevice.LANDevice.1.LANHostConfigManagement.AssociatedConnection,false,2025-07-29T14:49:13.180Z,true,2025-07-29T14:49:13.180Z,"",,,,,,
InternetGatewayDevice.LANDevice.1.LANHostConfigManagement.DHCPLeaseTime,false,2025-07-29T14:49:13.180Z,true,2025-07-29T14:49:13.180Z,"",,,,,,
InternetGatewayDevice.LANDevice.1.LANHostConfigManagement.DHCPRelay,false,2025-07-29T14:49:13.180Z,false,2025-07-29T14:49:13.180Z,"",,,,,,
InternetGatewayDevice.LANDevice.1.LANHostConfigManagement.DHCPServerConfigurable,false,2025-07-29T14:49:13.180Z,true,2025-07-29T14:49:13.180Z,"",,,,,,
InternetGatewayDevice.LANDevice.1.LANHostConfigManagement.DHCPServerEnable,false,2025-07-29T14:49:13.180Z,true,2025-07-29T14:49:13.180Z,"",,,,,,
InternetGatewayDevice.LANDevice.1.LANHostConfigManagement.DNSServers,false,2025-07-29T14:49:13.180Z,true,2025-07-29T14:49:13.180Z,"",,,,,,
InternetGatewayDevice.LANDevice.1.LANHostConfigManagement.DomainName,false,2025-07-29T14:49:13.180Z,true,2025-07-29T14:49:13.180Z,"",,,,,,
InternetGatewayDevice.LANDevice.1.LANHostConfigManagement.IPInterface,true,2025-07-29T14:49:13.180Z,false,2025-07-29T14:49:13.180Z,"",,,,,,
InternetGatewayDevice.LANDevice.1.LANHostConfigManagement.IPInterface.1,true,2025-07-29T14:49:13.180Z,false,2025-07-29T14:49:13.180Z,"",,,,,,
InternetGatewayDevice.LANDevice.1.LANHostConfigManagement.IPInterface.1.Enable,false,2025-07-29T14:49:13.180Z,true,2025-07-29T14:49:13.180Z,"",,,,,,
InternetGatewayDevice.LANDevice.1.LANHostConfigManagement.IPInterface.1.IPInterfaceAddressingType,false,2025-07-29T14:49:13.180Z,true,2025-07-29T14:49:13.180Z,"",,,,,,
InternetGatewayDevice.LANDevice.1.LANHostConfigManagement.IPInterface.1.IPInterfaceIPAddress,false,2025-07-29T14:49:13.180Z,true,2025-07-29T14:49:13.180Z,"",,,,,,
InternetGatewayDevice.LANDevice.1.LANHostConfigManagement.IPInterface.1.IPInterfaceSubnetMask,false,2025-07-29T14:49:13.180Z,true,2025-07-29T14:49:13.180Z,"",,,,,,
InternetGatewayDevice.LANDevice.1.LANHostConfigManagement.IPInterface.1.X_CMCC_IPv6Address,true,2025-07-29T14:49:13.180Z,false,2025-07-29T14:49:13.180Z,"",,,,,,
InternetGatewayDevice.LANDevice.1.LANHostConfigManagement.IPInterface.1.X_CMCC_IPv6Address.LocalAddress,false,2025-07-29T14:49:13.180Z,true,2025-07-29T14:49:13.180Z,"",,,,,,
InternetGatewayDevice.LANDevice.1.LANHostConfigManagement.IPInterfaceNumberOfEntries,false,2025-07-29T14:49:13.180Z,false,2025-07-29T14:49:13.180Z,"",,,,,,
InternetGatewayDevice.LANDevice.1.LANHostConfigManagement.IPRouters,false,2025-07-29T14:49:13.180Z,true,2025-07-29T14:49:13.180Z,"192.168.1.1",xsd:string,2025-07-29T15:14:44.096Z,,,,
InternetGatewayDevice.LANDevice.1.LANHostConfigManagement.MaxAddress,false,2025-07-29T14:49:13.180Z,true,2025-07-29T14:49:13.180Z,"192.168.1.254",xsd:string,2025-07-29T15:14:44.096Z,,,,
InternetGatewayDevice.LANDevice.1.LANHostConfigManagement.MinAddress,false,2025-07-29T14:49:13.180Z,true,2025-07-29T14:49:13.180Z,"192.168.1.2",xsd:string,2025-07-29T15:14:44.096Z,,,,
InternetGatewayDevice.LANDevice.1.LANHostConfigManagement.PassthroughLease,false,2025-07-29T14:49:13.180Z,true,2025-07-29T14:49:13.180Z,"",,,,,,
InternetGatewayDevice.LANDevice.1.LANHostConfigManagement.PassthroughMACAddress,false,2025-07-29T14:49:13.180Z,true,2025-07-29T14:49:13.180Z,"",,,,,,
InternetGatewayDevice.LANDevice.1.LANHostConfigManagement.ReservedAddresses,false,2025-07-29T14:49:13.180Z,true,2025-07-29T14:49:13.180Z,"",,,,,,
InternetGatewayDevice.LANDevice.1.LANHostConfigManagement.SubnetMask,false,2025-07-29T14:49:13.180Z,true,2025-07-29T14:49:13.180Z,"",,,,,,
InternetGatewayDevice.LANDevice.1.LANHostConfigManagement.UseAllocatedWAN,false,2025-07-29T14:49:13.180Z,true,2025-07-29T14:49:13.180Z,"",,,,,,
InternetGatewayDevice.LANDevice.1.LANHostConfigManagement.X_CMCC_OPTION125Enable,false,2025-07-29T14:49:13.180Z,true,2025-07-29T14:49:13.180Z,"",,,,,,
InternetGatewayDevice.LANDevice.1.WLANConfiguration,true,2025-07-29T14:49:13.180Z,true,2025-07-29T14:49:13.180Z,"",,,,,,
InternetGatewayDevice.LANDevice.1.WLANConfiguration.1,true,2025-07-29T14:49:13.180Z,true,2025-07-29T14:49:13.180Z,"",,,,,,
InternetGatewayDevice.LANDevice.1.WLANConfiguration.1.AirtimeFairEnable,false,2025-07-29T14:49:13.180Z,true,2025-07-29T14:49:13.180Z,"",,,,,,
InternetGatewayDevice.LANDevice.1.WLANConfiguration.1.AssociatedDevice,true,2025-07-29T14:49:13.180Z,false,2025-07-29T14:49:13.180Z,"",,,,,,
InternetGatewayDevice.LANDevice.1.WLANConfiguration.1.AuthenticationServiceMode,false,2025-07-29T14:49:13.180Z,true,2025-07-29T14:49:13.180Z,"",,,,,,
InternetGatewayDevice.LANDevice.1.WLANConfiguration.1.AutoChannelEnable,false,2025-07-29T14:49:13.180Z,true,2025-07-29T14:49:13.180Z,"",,,,,,
InternetGatewayDevice.LANDevice.1.WLANConfiguration.1.AutoRateFallBackEnabled,false,2025-07-29T14:49:13.180Z,true,2025-07-29T14:49:13.180Z,"",,,,,,
InternetGatewayDevice.LANDevice.1.WLANConfiguration.1.BSSID,false,2025-07-29T14:49:13.180Z,false,2025-07-29T14:49:13.180Z,"",,,,,,
InternetGatewayDevice.LANDevice.1.WLANConfiguration.1.BasicAuthenticationMode,false,2025-07-29T14:49:13.180Z,true,2025-07-29T14:49:13.180Z,"",,,,,,
InternetGatewayDevice.LANDevice.1.WLANConfiguration.1.BasicDataTransmitRates,false,2025-07-29T14:49:13.180Z,true,2025-07-29T14:49:13.180Z,"",,,,,,
InternetGatewayDevice.LANDevice.1.WLANConfiguration.1.BasicEncryptionModes,false,2025-07-29T14:49:13.180Z,true,2025-07-29T14:49:13.180Z,"",,,,,,
InternetGatewayDevice.LANDevice.1.WLANConfiguration.1.BeaconAdvertisementEnabled,false,2025-07-29T14:49:13.180Z,true,2025-07-29T14:49:13.180Z,"",,,,,,
InternetGatewayDevice.LANDevice.1.WLANConfiguration.1.BeaconType,false,2025-07-29T14:49:13.180Z,true,2025-07-29T14:49:13.180Z,"",,,,,,
InternetGatewayDevice.LANDevice.1.WLANConfiguration.1.Channel,false,2025-07-29T14:49:13.180Z,true,2025-07-29T14:49:13.180Z,"",,,,,,
InternetGatewayDevice.LANDevice.1.WLANConfiguration.1.ChannelsInUse,false,2025-07-29T14:49:13.180Z,false,2025-07-29T14:49:13.180Z,"",,,,,,
InternetGatewayDevice.LANDevice.1.WLANConfiguration.1.DeviceOperationMode,false,2025-07-29T14:49:13.180Z,true,2025-07-29T14:49:13.180Z,"",,,,,,
InternetGatewayDevice.LANDevice.1.WLANConfiguration.1.DistanceFromRoot,false,2025-07-29T14:49:13.180Z,true,2025-07-29T14:49:13.180Z,"",,,,,,
InternetGatewayDevice.LANDevice.1.WLANConfiguration.1.Enable,false,2025-07-29T14:49:13.180Z,true,2025-07-29T14:49:13.180Z,"",,,,,,
InternetGatewayDevice.LANDevice.1.WLANConfiguration.1.ExternelChannel,false,2025-07-29T14:49:13.180Z,true,2025-07-29T14:49:13.180Z,"",,,,,,
InternetGatewayDevice.LANDevice.1.WLANConfiguration.1.IEEE11iAuthenticationMode,false,2025-07-29T14:49:13.180Z,true,2025-07-29T14:49:13.180Z,"",,,,,,
InternetGatewayDevice.LANDevice.1.WLANConfiguration.1.IEEE11iEncryptionModes,false,2025-07-29T14:49:13.180Z,true,2025-07-29T14:49:13.180Z,"",,,,,,
InternetGatewayDevice.LANDevice.1.WLANConfiguration.1.InsecureOOBAccessEnabled,false,2025-07-29T14:49:13.180Z,true,2025-07-29T14:49:13.180Z,"",,,,,,
InternetGatewayDevice.LANDevice.1.WLANConfiguration.1.IsolationEnable,false,2025-07-29T14:49:13.180Z,true,2025-07-29T14:49:13.180Z,"",,,,,,
InternetGatewayDevice.LANDevice.1.WLANConfiguration.1.KeyPassphrase,false,2025-07-29T14:49:13.180Z,true,2025-07-29T14:49:13.180Z,"",xsd:string,2025-07-29T15:14:44.096Z,,,,
InternetGatewayDevice.LANDevice.1.WLANConfiguration.1.LocationDescription,false,2025-07-29T14:49:13.180Z,true,2025-07-29T14:49:13.180Z,"",,,,,,
InternetGatewayDevice.LANDevice.1.WLANConfiguration.1.MACAddressControlEnabled,false,2025-07-29T14:49:13.180Z,true,2025-07-29T14:49:13.180Z,"",,,,,,
InternetGatewayDevice.LANDevice.1.WLANConfiguration.1.MaxBitRate,false,2025-07-29T14:49:13.180Z,true,2025-07-29T14:49:13.180Z,"",,,,,,
InternetGatewayDevice.LANDevice.1.WLANConfiguration.1.Name,false,2025-07-29T14:49:13.180Z,false,2025-07-29T14:49:13.180Z,"",,,,,,
InternetGatewayDevice.LANDevice.1.WLANConfiguration.1.OperationalDataTransmitRates,false,2025-07-29T14:49:13.180Z,true,2025-07-29T14:49:13.180Z,"",,,,,,
InternetGatewayDevice.LANDevice.1.WLANConfiguration.1.PeerBSSID,false,2025-07-29T14:49:13.180Z,true,2025-07-29T14:49:13.180Z,"",,,,,,
InternetGatewayDevice.LANDevice.1.WLANConfiguration.1.PossibleChannels,false,2025-07-29T14:49:13.180Z,false,2025-07-29T14:49:13.180Z,"",,,,,,
InternetGatewayDevice.LANDevice.1.WLANConfiguration.1.PossibleDataTransmitRates,false,2025-07-29T14:49:13.180Z,false,2025-07-29T14:49:13.180Z,"",,,,,,
InternetGatewayDevice.LANDevice.1.WLANConfiguration.1.PreSharedKey,true,2025-07-29T14:49:13.180Z,false,2025-07-29T14:49:13.180Z,"",,,,,,
InternetGatewayDevice.LANDevice.1.WLANConfiguration.1.PreSharedKey.1,true,2025-07-29T14:49:13.180Z,false,2025-07-29T14:49:13.180Z,"",,,,,,
InternetGatewayDevice.LANDevice.1.WLANConfiguration.1.PreSharedKey.1.AssociatedDeviceMACAddress,false,2025-07-29T14:49:13.180Z,true,2025-07-29T14:49:13.180Z,"",,,,,,
InternetGatewayDevice.LANDevice.1.WLANConfiguration.1.PreSharedKey.1.KeyPassphrase,false,2025-07-29T14:49:13.180Z,true,2025-07-29T14:49:13.180Z,"",xsd:string,2025-07-29T15:12:20.321Z,,,,
InternetGatewayDevice.LANDevice.1.WLANConfiguration.1.PreSharedKey.1.PreSharedKey,false,2025-07-29T14:49:13.180Z,true,2025-07-29T14:49:13.180Z,"",,,,,,
InternetGatewayDevice.LANDevice.1.WLANConfiguration.1.RegulatoryDomain,false,2025-07-29T14:49:13.180Z,true,2025-07-29T14:49:13.180Z,"",,,,,,
InternetGatewayDevice.LANDevice.1.WLANConfiguration.1.SSID,false,2025-07-29T14:49:13.180Z,true,2025-07-29T14:49:13.180Z,"Neng 20",xsd:string,2025-07-29T15:14:44.096Z,,,,
InternetGatewayDevice.LANDevice.1.WLANConfiguration.1.SSIDAdvertisementEnabled,false,2025-07-29T14:49:13.180Z,true,2025-07-29T14:49:13.180Z,"",,,,,,
InternetGatewayDevice.LANDevice.1.WLANConfiguration.1.Standard,false,2025-07-29T14:49:13.180Z,true,2025-07-29T14:49:13.180Z,"",,,,,,
InternetGatewayDevice.LANDevice.1.WLANConfiguration.1.Status,false,2025-07-29T14:49:13.180Z,false,2025-07-29T14:49:13.180Z,"",,,,,,
InternetGatewayDevice.LANDevice.1.WLANConfiguration.1.TotalAssociations,false,2025-07-29T14:49:13.180Z,false,2025-07-29T14:49:13.180Z,"3",xsd:unsignedInt,2025-07-29T15:14:44.096Z,,,,
InternetGatewayDevice.LANDevice.1.WLANConfiguration.1.TotalBytesReceived,false,2025-07-29T14:49:13.180Z,false,2025-07-29T14:49:13.180Z,"",,,,,,
InternetGatewayDevice.LANDevice.1.WLANConfiguration.1.TotalBytesSent,false,2025-07-29T14:49:13.180Z,false,2025-07-29T14:49:13.180Z,"",,,,,,
InternetGatewayDevice.LANDevice.1.WLANConfiguration.1.TotalIntegrityFailures,false,2025-07-29T14:49:13.180Z,false,2025-07-29T14:49:13.180Z,"",,,,,,
InternetGatewayDevice.LANDevice.1.WLANConfiguration.1.TotalPSKFailures,false,2025-07-29T14:49:13.180Z,false,2025-07-29T14:49:13.180Z,"",,,,,,
InternetGatewayDevice.LANDevice.1.WLANConfiguration.1.TotalPacketsReceived,false,2025-07-29T14:49:13.180Z,false,2025-07-29T14:49:13.180Z,"",,,,,,
InternetGatewayDevice.LANDevice.1.WLANConfiguration.1.TotalPacketsSent,false,2025-07-29T14:49:13.180Z,false,2025-07-29T14:49:13.180Z,"",,,,,,
InternetGatewayDevice.LANDevice.1.WLANConfiguration.1.TransmitPower,false,2025-07-29T14:49:13.180Z,true,2025-07-29T14:49:13.180Z,"",,,,,,
InternetGatewayDevice.LANDevice.1.WLANConfiguration.1.WEPEncryptionLevel,false,2025-07-29T14:49:13.180Z,true,2025-07-29T14:49:13.180Z,"",,,,,,
InternetGatewayDevice.LANDevice.1.WLANConfiguration.1.WEPKey,true,2025-07-29T14:49:13.180Z,false,2025-07-29T14:49:13.180Z,"",,,,,,
InternetGatewayDevice.LANDevice.1.WLANConfiguration.1.WEPKeyIndex,false,2025-07-29T14:49:13.180Z,true,2025-07-29T14:49:13.180Z,"",,,,,,
InternetGatewayDevice.LANDevice.1.WLANConfiguration.1.WMMEnable,false,2025-07-29T14:49:13.180Z,true,2025-07-29T14:49:13.180Z,"",,,,,,
InternetGatewayDevice.LANDevice.1.WLANConfiguration.1.WMMSupported,false,2025-07-29T14:49:13.180Z,false,2025-07-29T14:49:13.180Z,"",,,,,,
InternetGatewayDevice.LANDevice.1.WLANConfiguration.1.WPAAuthenticationMode,false,2025-07-29T14:49:13.180Z,true,2025-07-29T14:49:13.180Z,"",,,,,,
InternetGatewayDevice.LANDevice.1.WLANConfiguration.1.WPAEncryptionModes,false,2025-07-29T14:49:13.180Z,true,2025-07-29T14:49:13.180Z,"",,,,,,
InternetGatewayDevice.LANDevice.1.WLANConfiguration.1.WPS,true,2025-07-29T14:49:13.180Z,false,2025-07-29T14:49:13.180Z,"",,,,,,
InternetGatewayDevice.LANDevice.1.WLANConfiguration.1.X_CMCC_APModuleEnable,false,2025-07-29T14:49:13.180Z,true,2025-07-29T14:49:13.180Z,"",,,,,,
InternetGatewayDevice.LANDevice.1.WLANConfiguration.1.X_CMCC_ChannelWidth,false,2025-07-29T14:49:13.180Z,true,2025-07-29T14:49:13.180Z,"",,,,,,
InternetGatewayDevice.LANDevice.1.WLANConfiguration.1.X_CMCC_DetectionStatus,false,2025-07-29T14:49:13.180Z,false,2025-07-29T14:49:13.180Z,"",,,,,,
InternetGatewayDevice.LANDevice.1.WLANConfiguration.1.X_CMCC_GuardInterval,false,2025-07-29T14:49:13.180Z,true,2025-07-29T14:49:13.180Z,"",,,,,,
InternetGatewayDevice.LANDevice.1.WLANConfiguration.1.X_CMCC_PowerValue,false,2025-07-29T14:49:13.180Z,false,2025-07-29T14:49:13.180Z,"",,,,,,
InternetGatewayDevice.LANDevice.1.WLANConfiguration.1.X_CMCC_RFBand,false,2025-07-29T14:49:13.180Z,true,2025-07-29T14:49:13.180Z,"",,,,,,
InternetGatewayDevice.LANDevice.1.WLANConfiguration.1.X_CMCC_RetryTimeout,false,2025-07-29T14:49:13.180Z,true,2025-07-29T14:49:13.180Z,"",,,,,,
InternetGatewayDevice.LANDevice.1.WLANConfiguration.1.X_CMCC_WPSKeyWord,false,2025-07-29T14:49:13.180Z,true,2025-07-29T14:49:13.180Z,"",,,,,,
InternetGatewayDevice.LANDevice.1.WLANConfiguration.2,true,2025-07-29T14:49:13.180Z,true,2025-07-29T14:49:13.180Z,"",,,,,,
InternetGatewayDevice.LANDevice.1.WLANConfiguration.2.AirtimeFairEnable,false,2025-07-29T14:49:13.180Z,true,2025-07-29T14:49:13.180Z,"",,,,,,
InternetGatewayDevice.LANDevice.1.WLANConfiguration.2.AssociatedDevice,true,2025-07-29T14:49:13.180Z,false,2025-07-29T14:49:13.180Z,"",,,,,,
InternetGatewayDevice.LANDevice.1.WLANConfiguration.2.AuthenticationServiceMode,false,2025-07-29T14:49:13.180Z,true,2025-07-29T14:49:13.180Z,"",,,,,,
InternetGatewayDevice.LANDevice.1.WLANConfiguration.2.AutoChannelEnable,false,2025-07-29T14:49:13.180Z,true,2025-07-29T14:49:13.180Z,"",,,,,,
InternetGatewayDevice.LANDevice.1.WLANConfiguration.2.AutoRateFallBackEnabled,false,2025-07-29T14:49:13.180Z,true,2025-07-29T14:49:13.180Z,"",,,,,,
InternetGatewayDevice.LANDevice.1.WLANConfiguration.2.BSSID,false,2025-07-29T14:49:13.180Z,false,2025-07-29T14:49:13.180Z,"",,,,,,
InternetGatewayDevice.LANDevice.1.WLANConfiguration.2.BasicAuthenticationMode,false,2025-07-29T14:49:13.180Z,true,2025-07-29T14:49:13.180Z,"",,,,,,
InternetGatewayDevice.LANDevice.1.WLANConfiguration.2.BasicDataTransmitRates,false,2025-07-29T14:49:13.180Z,true,2025-07-29T14:49:13.180Z,"",,,,,,
InternetGatewayDevice.LANDevice.1.WLANConfiguration.2.BasicEncryptionModes,false,2025-07-29T14:49:13.180Z,true,2025-07-29T14:49:13.180Z,"",,,,,,
InternetGatewayDevice.LANDevice.1.WLANConfiguration.2.BeaconAdvertisementEnabled,false,2025-07-29T14:49:13.180Z,true,2025-07-29T14:49:13.180Z,"",,,,,,
InternetGatewayDevice.LANDevice.1.WLANConfiguration.2.BeaconType,false,2025-07-29T14:49:13.180Z,true,2025-07-29T14:49:13.180Z,"",,,,,,
InternetGatewayDevice.LANDevice.1.WLANConfiguration.2.Channel,false,2025-07-29T14:49:13.180Z,true,2025-07-29T14:49:13.180Z,"",,,,,,
InternetGatewayDevice.LANDevice.1.WLANConfiguration.2.ChannelsInUse,false,2025-07-29T14:49:13.180Z,false,2025-07-29T14:49:13.180Z,"",,,,,,
InternetGatewayDevice.LANDevice.1.WLANConfiguration.2.DeviceOperationMode,false,2025-07-29T14:49:13.180Z,true,2025-07-29T14:49:13.180Z,"",,,,,,
InternetGatewayDevice.LANDevice.1.WLANConfiguration.2.DistanceFromRoot,false,2025-07-29T14:49:13.180Z,true,2025-07-29T14:49:13.180Z,"",,,,,,
InternetGatewayDevice.LANDevice.1.WLANConfiguration.2.Enable,false,2025-07-29T14:49:13.180Z,true,2025-07-29T14:49:13.180Z,"",,,,,,
InternetGatewayDevice.LANDevice.1.WLANConfiguration.2.ExternelChannel,false,2025-07-29T14:49:13.180Z,true,2025-07-29T14:49:13.180Z,"",,,,,,
InternetGatewayDevice.LANDevice.1.WLANConfiguration.2.IEEE11iAuthenticationMode,false,2025-07-29T14:49:13.180Z,true,2025-07-29T14:49:13.180Z,"",,,,,,
InternetGatewayDevice.LANDevice.1.WLANConfiguration.2.IEEE11iEncryptionModes,false,2025-07-29T14:49:13.180Z,true,2025-07-29T14:49:13.180Z,"",,,,,,
InternetGatewayDevice.LANDevice.1.WLANConfiguration.2.InsecureOOBAccessEnabled,false,2025-07-29T14:49:13.180Z,true,2025-07-29T14:49:13.180Z,"",,,,,,
InternetGatewayDevice.LANDevice.1.WLANConfiguration.2.IsolationEnable,false,2025-07-29T14:49:13.180Z,true,2025-07-29T14:49:13.180Z,"",,,,,,
InternetGatewayDevice.LANDevice.1.WLANConfiguration.2.KeyPassphrase,false,2025-07-29T14:49:13.180Z,true,2025-07-29T14:49:13.180Z,"",xsd:string,2025-07-29T09:19:12.503Z,,,,
InternetGatewayDevice.LANDevice.1.WLANConfiguration.2.LocationDescription,false,2025-07-29T14:49:13.180Z,true,2025-07-29T14:49:13.180Z,"",,,,,,
InternetGatewayDevice.LANDevice.1.WLANConfiguration.2.MACAddressControlEnabled,false,2025-07-29T14:49:13.180Z,true,2025-07-29T14:49:13.180Z,"",,,,,,
InternetGatewayDevice.LANDevice.1.WLANConfiguration.2.MaxBitRate,false,2025-07-29T14:49:13.180Z,true,2025-07-29T14:49:13.180Z,"",,,,,,
InternetGatewayDevice.LANDevice.1.WLANConfiguration.2.Name,false,2025-07-29T14:49:13.180Z,false,2025-07-29T14:49:13.180Z,"",,,,,,
InternetGatewayDevice.LANDevice.1.WLANConfiguration.2.OperationalDataTransmitRates,false,2025-07-29T14:49:13.180Z,true,2025-07-29T14:49:13.180Z,"",,,,,,
InternetGatewayDevice.LANDevice.1.WLANConfiguration.2.PeerBSSID,false,2025-07-29T14:49:13.180Z,true,2025-07-29T14:49:13.180Z,"",,,,,,
InternetGatewayDevice.LANDevice.1.WLANConfiguration.2.PossibleChannels,false,2025-07-29T14:49:13.180Z,false,2025-07-29T14:49:13.180Z,"",,,,,,
InternetGatewayDevice.LANDevice.1.WLANConfiguration.2.PossibleDataTransmitRates,false,2025-07-29T14:49:13.180Z,false,2025-07-29T14:49:13.180Z,"",,,,,,
InternetGatewayDevice.LANDevice.1.WLANConfiguration.2.PreSharedKey,true,2025-07-29T14:49:13.180Z,false,2025-07-29T14:49:13.180Z,"",,,,,,
InternetGatewayDevice.LANDevice.1.WLANConfiguration.2.RegulatoryDomain,false,2025-07-29T14:49:13.180Z,true,2025-07-29T14:49:13.180Z,"",,,,,,
InternetGatewayDevice.LANDevice.1.WLANConfiguration.2.SSID,false,2025-07-29T14:49:13.180Z,true,2025-07-29T14:49:13.180Z,"SSID2",xsd:string,2025-07-29T14:49:13.246Z,,,,
InternetGatewayDevice.LANDevice.1.WLANConfiguration.2.SSIDAdvertisementEnabled,false,2025-07-29T14:49:13.180Z,true,2025-07-29T14:49:13.180Z,"",,,,,,
InternetGatewayDevice.LANDevice.1.WLANConfiguration.2.Standard,false,2025-07-29T14:49:13.180Z,true,2025-07-29T14:49:13.180Z,"",,,,,,
InternetGatewayDevice.LANDevice.1.WLANConfiguration.2.Status,false,2025-07-29T14:49:13.180Z,false,2025-07-29T14:49:13.180Z,"",,,,,,
InternetGatewayDevice.LANDevice.1.WLANConfiguration.2.TotalAssociations,false,2025-07-29T14:49:13.180Z,false,2025-07-29T14:49:13.180Z,"",,,,,,
InternetGatewayDevice.LANDevice.1.WLANConfiguration.2.TotalBytesReceived,false,2025-07-29T14:49:13.180Z,false,2025-07-29T14:49:13.180Z,"",,,,,,
InternetGatewayDevice.LANDevice.1.WLANConfiguration.2.TotalBytesSent,false,2025-07-29T14:49:13.180Z,false,2025-07-29T14:49:13.180Z,"",,,,,,
InternetGatewayDevice.LANDevice.1.WLANConfiguration.2.TotalIntegrityFailures,false,2025-07-29T14:49:13.180Z,false,2025-07-29T14:49:13.180Z,"",,,,,,
InternetGatewayDevice.LANDevice.1.WLANConfiguration.2.TotalPSKFailures,false,2025-07-29T14:49:13.180Z,false,2025-07-29T14:49:13.180Z,"",,,,,,
InternetGatewayDevice.LANDevice.1.WLANConfiguration.2.TotalPacketsReceived,false,2025-07-29T14:49:13.180Z,false,2025-07-29T14:49:13.180Z,"",,,,,,
InternetGatewayDevice.LANDevice.1.WLANConfiguration.2.TotalPacketsSent,false,2025-07-29T14:49:13.180Z,false,2025-07-29T14:49:13.180Z,"",,,,,,
InternetGatewayDevice.LANDevice.1.WLANConfiguration.2.TransmitPower,false,2025-07-29T14:49:13.180Z,true,2025-07-29T14:49:13.180Z,"",,,,,,
InternetGatewayDevice.LANDevice.1.WLANConfiguration.2.WEPEncryptionLevel,false,2025-07-29T14:49:13.180Z,true,2025-07-29T14:49:13.180Z,"",,,,,,
InternetGatewayDevice.LANDevice.1.WLANConfiguration.2.WEPKey,true,2025-07-29T14:49:13.180Z,false,2025-07-29T14:49:13.180Z,"",,,,,,
InternetGatewayDevice.LANDevice.1.WLANConfiguration.2.WEPKeyIndex,false,2025-07-29T14:49:13.180Z,true,2025-07-29T14:49:13.180Z,"",,,,,,
InternetGatewayDevice.LANDevice.1.WLANConfiguration.2.WMMEnable,false,2025-07-29T14:49:13.180Z,true,2025-07-29T14:49:13.180Z,"",,,,,,
InternetGatewayDevice.LANDevice.1.WLANConfiguration.2.WMMSupported,false,2025-07-29T14:49:13.180Z,false,2025-07-29T14:49:13.180Z,"",,,,,,
InternetGatewayDevice.LANDevice.1.WLANConfiguration.2.WPAAuthenticationMode,false,2025-07-29T14:49:13.180Z,true,2025-07-29T14:49:13.180Z,"",,,,,,
InternetGatewayDevice.LANDevice.1.WLANConfiguration.2.WPAEncryptionModes,false,2025-07-29T14:49:13.180Z,true,2025-07-29T14:49:13.180Z,"",,,,,,
InternetGatewayDevice.LANDevice.1.WLANConfiguration.2.WPS,true,2025-07-29T14:49:13.180Z,false,2025-07-29T14:49:13.180Z,"",,,,,,
InternetGatewayDevice.LANDevice.1.WLANConfiguration.2.X_CMCC_APModuleEnable,false,2025-07-29T14:49:13.180Z,true,2025-07-29T14:49:13.180Z,"",,,,,,
InternetGatewayDevice.LANDevice.1.WLANConfiguration.2.X_CMCC_ChannelWidth,false,2025-07-29T14:49:13.180Z,true,2025-07-29T14:49:13.180Z,"",,,,,,
InternetGatewayDevice.LANDevice.1.WLANConfiguration.2.X_CMCC_DetectionStatus,false,2025-07-29T14:49:13.180Z,false,2025-07-29T14:49:13.180Z,"",,,,,,
InternetGatewayDevice.LANDevice.1.WLANConfiguration.2.X_CMCC_GuardInterval,false,2025-07-29T14:49:13.180Z,true,2025-07-29T14:49:13.180Z,"",,,,,,
InternetGatewayDevice.LANDevice.1.WLANConfiguration.2.X_CMCC_PowerValue,false,2025-07-29T14:49:13.180Z,false,2025-07-29T14:49:13.180Z,"",,,,,,
InternetGatewayDevice.LANDevice.1.WLANConfiguration.2.X_CMCC_RFBand,false,2025-07-29T14:49:13.180Z,true,2025-07-29T14:49:13.180Z,"",,,,,,
InternetGatewayDevice.LANDevice.1.WLANConfiguration.2.X_CMCC_RetryTimeout,false,2025-07-29T14:49:13.180Z,true,2025-07-29T14:49:13.180Z,"",,,,,,
InternetGatewayDevice.LANDevice.1.WLANConfiguration.2.X_CMCC_WPSKeyWord,false,2025-07-29T14:49:13.180Z,true,2025-07-29T14:49:13.180Z,"",,,,,,
InternetGatewayDevice.LANDevice.1.WLANConfiguration.3,true,2025-07-29T14:49:13.180Z,true,2025-07-29T14:49:13.180Z,"",,,,,,
InternetGatewayDevice.LANDevice.1.WLANConfiguration.3.AirtimeFairEnable,false,2025-07-29T14:49:13.180Z,true,2025-07-29T14:49:13.180Z,"",,,,,,
InternetGatewayDevice.LANDevice.1.WLANConfiguration.3.AssociatedDevice,true,2025-07-29T14:49:13.180Z,false,2025-07-29T14:49:13.180Z,"",,,,,,
InternetGatewayDevice.LANDevice.1.WLANConfiguration.3.AuthenticationServiceMode,false,2025-07-29T14:49:13.180Z,true,2025-07-29T14:49:13.180Z,"",,,,,,
InternetGatewayDevice.LANDevice.1.WLANConfiguration.3.AutoChannelEnable,false,2025-07-29T14:49:13.180Z,true,2025-07-29T14:49:13.180Z,"",,,,,,
InternetGatewayDevice.LANDevice.1.WLANConfiguration.3.AutoRateFallBackEnabled,false,2025-07-29T14:49:13.180Z,true,2025-07-29T14:49:13.180Z,"",,,,,,
InternetGatewayDevice.LANDevice.1.WLANConfiguration.3.BSSID,false,2025-07-29T14:49:13.180Z,false,2025-07-29T14:49:13.180Z,"",,,,,,
InternetGatewayDevice.LANDevice.1.WLANConfiguration.3.BasicAuthenticationMode,false,2025-07-29T14:49:13.180Z,true,2025-07-29T14:49:13.180Z,"",,,,,,
InternetGatewayDevice.LANDevice.1.WLANConfiguration.3.BasicDataTransmitRates,false,2025-07-29T14:49:13.180Z,true,2025-07-29T14:49:13.180Z,"",,,,,,
InternetGatewayDevice.LANDevice.1.WLANConfiguration.3.BasicEncryptionModes,false,2025-07-29T14:49:13.180Z,true,2025-07-29T14:49:13.180Z,"",,,,,,
InternetGatewayDevice.LANDevice.1.WLANConfiguration.3.BeaconAdvertisementEnabled,false,2025-07-29T14:49:13.180Z,true,2025-07-29T14:49:13.180Z,"",,,,,,
InternetGatewayDevice.LANDevice.1.WLANConfiguration.3.BeaconType,false,2025-07-29T14:49:13.180Z,true,2025-07-29T14:49:13.180Z,"",,,,,,
InternetGatewayDevice.LANDevice.1.WLANConfiguration.3.Channel,false,2025-07-29T14:49:13.180Z,true,2025-07-29T14:49:13.180Z,"",,,,,,
InternetGatewayDevice.LANDevice.1.WLANConfiguration.3.ChannelsInUse,false,2025-07-29T14:49:13.180Z,false,2025-07-29T14:49:13.180Z,"",,,,,,
InternetGatewayDevice.LANDevice.1.WLANConfiguration.3.DeviceOperationMode,false,2025-07-29T14:49:13.180Z,true,2025-07-29T14:49:13.180Z,"",,,,,,
InternetGatewayDevice.LANDevice.1.WLANConfiguration.3.DistanceFromRoot,false,2025-07-29T14:49:13.180Z,true,2025-07-29T14:49:13.180Z,"",,,,,,
InternetGatewayDevice.LANDevice.1.WLANConfiguration.3.Enable,false,2025-07-29T14:49:13.180Z,true,2025-07-29T14:49:13.180Z,"",,,,,,
InternetGatewayDevice.LANDevice.1.WLANConfiguration.3.ExternelChannel,false,2025-07-29T14:49:13.180Z,true,2025-07-29T14:49:13.180Z,"",,,,,,
InternetGatewayDevice.LANDevice.1.WLANConfiguration.3.IEEE11iAuthenticationMode,false,2025-07-29T14:49:13.180Z,true,2025-07-29T14:49:13.180Z,"",,,,,,
InternetGatewayDevice.LANDevice.1.WLANConfiguration.3.IEEE11iEncryptionModes,false,2025-07-29T14:49:13.180Z,true,2025-07-29T14:49:13.180Z,"",,,,,,
InternetGatewayDevice.LANDevice.1.WLANConfiguration.3.InsecureOOBAccessEnabled,false,2025-07-29T14:49:13.180Z,true,2025-07-29T14:49:13.180Z,"",,,,,,
InternetGatewayDevice.LANDevice.1.WLANConfiguration.3.IsolationEnable,false,2025-07-29T14:49:13.180Z,true,2025-07-29T14:49:13.180Z,"",,,,,,
InternetGatewayDevice.LANDevice.1.WLANConfiguration.3.KeyPassphrase,false,2025-07-29T14:49:13.180Z,true,2025-07-29T14:49:13.180Z,"",xsd:string,2025-07-29T09:19:12.503Z,,,,
InternetGatewayDevice.LANDevice.1.WLANConfiguration.3.LocationDescription,false,2025-07-29T14:49:13.180Z,true,2025-07-29T14:49:13.180Z,"",,,,,,
InternetGatewayDevice.LANDevice.1.WLANConfiguration.3.MACAddressControlEnabled,false,2025-07-29T14:49:13.180Z,true,2025-07-29T14:49:13.180Z,"",,,,,,
InternetGatewayDevice.LANDevice.1.WLANConfiguration.3.MaxBitRate,false,2025-07-29T14:49:13.180Z,true,2025-07-29T14:49:13.180Z,"",,,,,,
InternetGatewayDevice.LANDevice.1.WLANConfiguration.3.Name,false,2025-07-29T14:49:13.180Z,false,2025-07-29T14:49:13.180Z,"",,,,,,
InternetGatewayDevice.LANDevice.1.WLANConfiguration.3.OperationalDataTransmitRates,false,2025-07-29T14:49:13.180Z,true,2025-07-29T14:49:13.180Z,"",,,,,,
InternetGatewayDevice.LANDevice.1.WLANConfiguration.3.PeerBSSID,false,2025-07-29T14:49:13.180Z,true,2025-07-29T14:49:13.180Z,"",,,,,,
InternetGatewayDevice.LANDevice.1.WLANConfiguration.3.PossibleChannels,false,2025-07-29T14:49:13.180Z,false,2025-07-29T14:49:13.180Z,"",,,,,,
InternetGatewayDevice.LANDevice.1.WLANConfiguration.3.PossibleDataTransmitRates,false,2025-07-29T14:49:13.180Z,false,2025-07-29T14:49:13.180Z,"",,,,,,
InternetGatewayDevice.LANDevice.1.WLANConfiguration.3.PreSharedKey,true,2025-07-29T14:49:13.180Z,false,2025-07-29T14:49:13.180Z,"",,,,,,
InternetGatewayDevice.LANDevice.1.WLANConfiguration.3.RegulatoryDomain,false,2025-07-29T14:49:13.180Z,true,2025-07-29T14:49:13.180Z,"",,,,,,
InternetGatewayDevice.LANDevice.1.WLANConfiguration.3.SSID,false,2025-07-29T14:49:13.180Z,true,2025-07-29T14:49:13.180Z,"SSID3",xsd:string,2025-07-29T14:49:13.246Z,,,,
InternetGatewayDevice.LANDevice.1.WLANConfiguration.3.SSIDAdvertisementEnabled,false,2025-07-29T14:49:13.180Z,true,2025-07-29T14:49:13.180Z,"",,,,,,
InternetGatewayDevice.LANDevice.1.WLANConfiguration.3.Standard,false,2025-07-29T14:49:13.180Z,true,2025-07-29T14:49:13.180Z,"",,,,,,
InternetGatewayDevice.LANDevice.1.WLANConfiguration.3.Status,false,2025-07-29T14:49:13.180Z,false,2025-07-29T14:49:13.180Z,"",,,,,,
InternetGatewayDevice.LANDevice.1.WLANConfiguration.3.TotalAssociations,false,2025-07-29T14:49:13.180Z,false,2025-07-29T14:49:13.180Z,"",,,,,,
InternetGatewayDevice.LANDevice.1.WLANConfiguration.3.TotalBytesReceived,false,2025-07-29T14:49:13.180Z,false,2025-07-29T14:49:13.180Z,"",,,,,,
InternetGatewayDevice.LANDevice.1.WLANConfiguration.3.TotalBytesSent,false,2025-07-29T14:49:13.180Z,false,2025-07-29T14:49:13.180Z,"",,,,,,
InternetGatewayDevice.LANDevice.1.WLANConfiguration.3.TotalIntegrityFailures,false,2025-07-29T14:49:13.180Z,false,2025-07-29T14:49:13.180Z,"",,,,,,
InternetGatewayDevice.LANDevice.1.WLANConfiguration.3.TotalPSKFailures,false,2025-07-29T14:49:13.180Z,false,2025-07-29T14:49:13.180Z,"",,,,,,
InternetGatewayDevice.LANDevice.1.WLANConfiguration.3.TotalPacketsReceived,false,2025-07-29T14:49:13.180Z,false,2025-07-29T14:49:13.180Z,"",,,,,,
InternetGatewayDevice.LANDevice.1.WLANConfiguration.3.TotalPacketsSent,false,2025-07-29T14:49:13.180Z,false,2025-07-29T14:49:13.180Z,"",,,,,,
InternetGatewayDevice.LANDevice.1.WLANConfiguration.3.TransmitPower,false,2025-07-29T14:49:13.180Z,true,2025-07-29T14:49:13.180Z,"",,,,,,
InternetGatewayDevice.LANDevice.1.WLANConfiguration.3.WEPEncryptionLevel,false,2025-07-29T14:49:13.180Z,true,2025-07-29T14:49:13.180Z,"",,,,,,
InternetGatewayDevice.LANDevice.1.WLANConfiguration.3.WEPKey,true,2025-07-29T14:49:13.180Z,false,2025-07-29T14:49:13.180Z,"",,,,,,
InternetGatewayDevice.LANDevice.1.WLANConfiguration.3.WEPKeyIndex,false,2025-07-29T14:49:13.180Z,true,2025-07-29T14:49:13.180Z,"",,,,,,
InternetGatewayDevice.LANDevice.1.WLANConfiguration.3.WMMEnable,false,2025-07-29T14:49:13.180Z,true,2025-07-29T14:49:13.180Z,"",,,,,,
InternetGatewayDevice.LANDevice.1.WLANConfiguration.3.WMMSupported,false,2025-07-29T14:49:13.180Z,false,2025-07-29T14:49:13.180Z,"",,,,,,
InternetGatewayDevice.LANDevice.1.WLANConfiguration.3.WPAAuthenticationMode,false,2025-07-29T14:49:13.180Z,true,2025-07-29T14:49:13.180Z,"",,,,,,
InternetGatewayDevice.LANDevice.1.WLANConfiguration.3.WPAEncryptionModes,false,2025-07-29T14:49:13.180Z,true,2025-07-29T14:49:13.180Z,"",,,,,,
InternetGatewayDevice.LANDevice.1.WLANConfiguration.3.WPS,true,2025-07-29T14:49:13.180Z,false,2025-07-29T14:49:13.180Z,"",,,,,,
InternetGatewayDevice.LANDevice.1.WLANConfiguration.3.X_CMCC_APModuleEnable,false,2025-07-29T14:49:13.180Z,true,2025-07-29T14:49:13.180Z,"",,,,,,
InternetGatewayDevice.LANDevice.1.WLANConfiguration.3.X_CMCC_ChannelWidth,false,2025-07-29T14:49:13.180Z,true,2025-07-29T14:49:13.180Z,"",,,,,,
InternetGatewayDevice.LANDevice.1.WLANConfiguration.3.X_CMCC_DetectionStatus,false,2025-07-29T14:49:13.180Z,false,2025-07-29T14:49:13.180Z,"",,,,,,
InternetGatewayDevice.LANDevice.1.WLANConfiguration.3.X_CMCC_GuardInterval,false,2025-07-29T14:49:13.180Z,true,2025-07-29T14:49:13.180Z,"",,,,,,
InternetGatewayDevice.LANDevice.1.WLANConfiguration.3.X_CMCC_PowerValue,false,2025-07-29T14:49:13.180Z,false,2025-07-29T14:49:13.180Z,"",,,,,,
InternetGatewayDevice.LANDevice.1.WLANConfiguration.3.X_CMCC_RFBand,false,2025-07-29T14:49:13.180Z,true,2025-07-29T14:49:13.180Z,"",,,,,,
InternetGatewayDevice.LANDevice.1.WLANConfiguration.3.X_CMCC_RetryTimeout,false,2025-07-29T14:49:13.180Z,true,2025-07-29T14:49:13.180Z,"",,,,,,
InternetGatewayDevice.LANDevice.1.WLANConfiguration.3.X_CMCC_WPSKeyWord,false,2025-07-29T14:49:13.180Z,true,2025-07-29T14:49:13.180Z,"",,,,,,
InternetGatewayDevice.LANDevice.1.WLANConfiguration.4,true,2025-07-29T14:49:13.180Z,true,2025-07-29T14:49:13.180Z,"",,,,,,
InternetGatewayDevice.LANDevice.1.WLANConfiguration.4.AirtimeFairEnable,false,2025-07-29T14:49:13.180Z,true,2025-07-29T14:49:13.180Z,"",,,,,,
InternetGatewayDevice.LANDevice.1.WLANConfiguration.4.AssociatedDevice,true,2025-07-29T14:49:13.180Z,false,2025-07-29T14:49:13.180Z,"",,,,,,
InternetGatewayDevice.LANDevice.1.WLANConfiguration.4.AuthenticationServiceMode,false,2025-07-29T14:49:13.180Z,true,2025-07-29T14:49:13.180Z,"",,,,,,
InternetGatewayDevice.LANDevice.1.WLANConfiguration.4.AutoChannelEnable,false,2025-07-29T14:49:13.180Z,true,2025-07-29T14:49:13.180Z,"",,,,,,
InternetGatewayDevice.LANDevice.1.WLANConfiguration.4.AutoRateFallBackEnabled,false,2025-07-29T14:49:13.180Z,true,2025-07-29T14:49:13.180Z,"",,,,,,
InternetGatewayDevice.LANDevice.1.WLANConfiguration.4.BSSID,false,2025-07-29T14:49:13.180Z,false,2025-07-29T14:49:13.180Z,"",,,,,,
InternetGatewayDevice.LANDevice.1.WLANConfiguration.4.BasicAuthenticationMode,false,2025-07-29T14:49:13.180Z,true,2025-07-29T14:49:13.180Z,"",,,,,,
InternetGatewayDevice.LANDevice.1.WLANConfiguration.4.BasicDataTransmitRates,false,2025-07-29T14:49:13.180Z,true,2025-07-29T14:49:13.180Z,"",,,,,,
InternetGatewayDevice.LANDevice.1.WLANConfiguration.4.BasicEncryptionModes,false,2025-07-29T14:49:13.180Z,true,2025-07-29T14:49:13.180Z,"",,,,,,
InternetGatewayDevice.LANDevice.1.WLANConfiguration.4.BeaconAdvertisementEnabled,false,2025-07-29T14:49:13.180Z,true,2025-07-29T14:49:13.180Z,"",,,,,,
InternetGatewayDevice.LANDevice.1.WLANConfiguration.4.BeaconType,false,2025-07-29T14:49:13.180Z,true,2025-07-29T14:49:13.180Z,"",,,,,,
InternetGatewayDevice.LANDevice.1.WLANConfiguration.4.Channel,false,2025-07-29T14:49:13.180Z,true,2025-07-29T14:49:13.180Z,"",,,,,,
InternetGatewayDevice.LANDevice.1.WLANConfiguration.4.ChannelsInUse,false,2025-07-29T14:49:13.180Z,false,2025-07-29T14:49:13.180Z,"",,,,,,
InternetGatewayDevice.LANDevice.1.WLANConfiguration.4.DeviceOperationMode,false,2025-07-29T14:49:13.180Z,true,2025-07-29T14:49:13.180Z,"",,,,,,
InternetGatewayDevice.LANDevice.1.WLANConfiguration.4.DistanceFromRoot,false,2025-07-29T14:49:13.180Z,true,2025-07-29T14:49:13.180Z,"",,,,,,
InternetGatewayDevice.LANDevice.1.WLANConfiguration.4.Enable,false,2025-07-29T14:49:13.180Z,true,2025-07-29T14:49:13.180Z,"",,,,,,
InternetGatewayDevice.LANDevice.1.WLANConfiguration.4.ExternelChannel,false,2025-07-29T14:49:13.180Z,true,2025-07-29T14:49:13.180Z,"",,,,,,
InternetGatewayDevice.LANDevice.1.WLANConfiguration.4.IEEE11iAuthenticationMode,false,2025-07-29T14:49:13.180Z,true,2025-07-29T14:49:13.180Z,"",,,,,,
InternetGatewayDevice.LANDevice.1.WLANConfiguration.4.IEEE11iEncryptionModes,false,2025-07-29T14:49:13.180Z,true,2025-07-29T14:49:13.180Z,"",,,,,,
InternetGatewayDevice.LANDevice.1.WLANConfiguration.4.InsecureOOBAccessEnabled,false,2025-07-29T14:49:13.180Z,true,2025-07-29T14:49:13.180Z,"",,,,,,
InternetGatewayDevice.LANDevice.1.WLANConfiguration.4.IsolationEnable,false,2025-07-29T14:49:13.180Z,true,2025-07-29T14:49:13.180Z,"",,,,,,
InternetGatewayDevice.LANDevice.1.WLANConfiguration.4.KeyPassphrase,false,2025-07-29T14:49:13.180Z,true,2025-07-29T14:49:13.180Z,"",xsd:string,2025-07-29T09:19:12.503Z,,,,
InternetGatewayDevice.LANDevice.1.WLANConfiguration.4.LocationDescription,false,2025-07-29T14:49:13.180Z,true,2025-07-29T14:49:13.180Z,"",,,,,,
InternetGatewayDevice.LANDevice.1.WLANConfiguration.4.MACAddressControlEnabled,false,2025-07-29T14:49:13.180Z,true,2025-07-29T14:49:13.180Z,"",,,,,,
InternetGatewayDevice.LANDevice.1.WLANConfiguration.4.MaxBitRate,false,2025-07-29T14:49:13.180Z,true,2025-07-29T14:49:13.180Z,"",,,,,,
InternetGatewayDevice.LANDevice.1.WLANConfiguration.4.Name,false,2025-07-29T14:49:13.180Z,false,2025-07-29T14:49:13.180Z,"",,,,,,
InternetGatewayDevice.LANDevice.1.WLANConfiguration.4.OperationalDataTransmitRates,false,2025-07-29T14:49:13.180Z,true,2025-07-29T14:49:13.180Z,"",,,,,,
InternetGatewayDevice.LANDevice.1.WLANConfiguration.4.PeerBSSID,false,2025-07-29T14:49:13.180Z,true,2025-07-29T14:49:13.180Z,"",,,,,,
InternetGatewayDevice.LANDevice.1.WLANConfiguration.4.PossibleChannels,false,2025-07-29T14:49:13.180Z,false,2025-07-29T14:49:13.180Z,"",,,,,,
InternetGatewayDevice.LANDevice.1.WLANConfiguration.4.PossibleDataTransmitRates,false,2025-07-29T14:49:13.180Z,false,2025-07-29T14:49:13.180Z,"",,,,,,
InternetGatewayDevice.LANDevice.1.WLANConfiguration.4.PreSharedKey,true,2025-07-29T14:49:13.180Z,false,2025-07-29T14:49:13.180Z,"",,,,,,
InternetGatewayDevice.LANDevice.1.WLANConfiguration.4.RegulatoryDomain,false,2025-07-29T14:49:13.180Z,true,2025-07-29T14:49:13.180Z,"",,,,,,
InternetGatewayDevice.LANDevice.1.WLANConfiguration.4.SSID,false,2025-07-29T14:49:13.180Z,true,2025-07-29T14:49:13.180Z,"SSID4",xsd:string,2025-07-29T14:49:13.246Z,,,,
InternetGatewayDevice.LANDevice.1.WLANConfiguration.4.SSIDAdvertisementEnabled,false,2025-07-29T14:49:13.180Z,true,2025-07-29T14:49:13.180Z,"",,,,,,
InternetGatewayDevice.LANDevice.1.WLANConfiguration.4.Standard,false,2025-07-29T14:49:13.180Z,true,2025-07-29T14:49:13.180Z,"",,,,,,
InternetGatewayDevice.LANDevice.1.WLANConfiguration.4.Status,false,2025-07-29T14:49:13.180Z,false,2025-07-29T14:49:13.180Z,"",,,,,,
InternetGatewayDevice.LANDevice.1.WLANConfiguration.4.TotalAssociations,false,2025-07-29T14:49:13.180Z,false,2025-07-29T14:49:13.180Z,"",,,,,,
InternetGatewayDevice.LANDevice.1.WLANConfiguration.4.TotalBytesReceived,false,2025-07-29T14:49:13.180Z,false,2025-07-29T14:49:13.180Z,"",,,,,,
InternetGatewayDevice.LANDevice.1.WLANConfiguration.4.TotalBytesSent,false,2025-07-29T14:49:13.180Z,false,2025-07-29T14:49:13.180Z,"",,,,,,
InternetGatewayDevice.LANDevice.1.WLANConfiguration.4.TotalIntegrityFailures,false,2025-07-29T14:49:13.180Z,false,2025-07-29T14:49:13.180Z,"",,,,,,
InternetGatewayDevice.LANDevice.1.WLANConfiguration.4.TotalPSKFailures,false,2025-07-29T14:49:13.180Z,false,2025-07-29T14:49:13.180Z,"",,,,,,
InternetGatewayDevice.LANDevice.1.WLANConfiguration.4.TotalPacketsReceived,false,2025-07-29T14:49:13.180Z,false,2025-07-29T14:49:13.180Z,"",,,,,,
InternetGatewayDevice.LANDevice.1.WLANConfiguration.4.TotalPacketsSent,false,2025-07-29T14:49:13.180Z,false,2025-07-29T14:49:13.180Z,"",,,,,,
InternetGatewayDevice.LANDevice.1.WLANConfiguration.4.TransmitPower,false,2025-07-29T14:49:13.180Z,true,2025-07-29T14:49:13.180Z,"",,,,,,
InternetGatewayDevice.LANDevice.1.WLANConfiguration.4.WEPEncryptionLevel,false,2025-07-29T14:49:13.180Z,true,2025-07-29T14:49:13.180Z,"",,,,,,
InternetGatewayDevice.LANDevice.1.WLANConfiguration.4.WEPKey,true,2025-07-29T14:49:13.180Z,false,2025-07-29T14:49:13.180Z,"",,,,,,
InternetGatewayDevice.LANDevice.1.WLANConfiguration.4.WEPKeyIndex,false,2025-07-29T14:49:13.180Z,true,2025-07-29T14:49:13.180Z,"",,,,,,
InternetGatewayDevice.LANDevice.1.WLANConfiguration.4.WMMEnable,false,2025-07-29T14:49:13.180Z,true,2025-07-29T14:49:13.180Z,"",,,,,,
InternetGatewayDevice.LANDevice.1.WLANConfiguration.4.WMMSupported,false,2025-07-29T14:49:13.180Z,false,2025-07-29T14:49:13.180Z,"",,,,,,
InternetGatewayDevice.LANDevice.1.WLANConfiguration.4.WPAAuthenticationMode,false,2025-07-29T14:49:13.180Z,true,2025-07-29T14:49:13.180Z,"",,,,,,
InternetGatewayDevice.LANDevice.1.WLANConfiguration.4.WPAEncryptionModes,false,2025-07-29T14:49:13.180Z,true,2025-07-29T14:49:13.180Z,"",,,,,,
InternetGatewayDevice.LANDevice.1.WLANConfiguration.4.WPS,true,2025-07-29T14:49:13.180Z,false,2025-07-29T14:49:13.180Z,"",,,,,,
InternetGatewayDevice.LANDevice.1.WLANConfiguration.4.X_CMCC_APModuleEnable,false,2025-07-29T14:49:13.180Z,true,2025-07-29T14:49:13.180Z,"",,,,,,
InternetGatewayDevice.LANDevice.1.WLANConfiguration.4.X_CMCC_ChannelWidth,false,2025-07-29T14:49:13.180Z,true,2025-07-29T14:49:13.180Z,"",,,,,,
InternetGatewayDevice.LANDevice.1.WLANConfiguration.4.X_CMCC_DetectionStatus,false,2025-07-29T14:49:13.180Z,false,2025-07-29T14:49:13.180Z,"",,,,,,
InternetGatewayDevice.LANDevice.1.WLANConfiguration.4.X_CMCC_GuardInterval,false,2025-07-29T14:49:13.180Z,true,2025-07-29T14:49:13.180Z,"",,,,,,
InternetGatewayDevice.LANDevice.1.WLANConfiguration.4.X_CMCC_PowerValue,false,2025-07-29T14:49:13.180Z,false,2025-07-29T14:49:13.180Z,"",,,,,,
InternetGatewayDevice.LANDevice.1.WLANConfiguration.4.X_CMCC_RFBand,false,2025-07-29T14:49:13.180Z,true,2025-07-29T14:49:13.180Z,"",,,,,,
InternetGatewayDevice.LANDevice.1.WLANConfiguration.4.X_CMCC_RetryTimeout,false,2025-07-29T14:49:13.180Z,true,2025-07-29T14:49:13.180Z,"",,,,,,
InternetGatewayDevice.LANDevice.1.WLANConfiguration.4.X_CMCC_WPSKeyWord,false,2025-07-29T14:49:13.180Z,true,2025-07-29T14:49:13.180Z,"",,,,,,
InternetGatewayDevice.LANDevice.1.X_CMCC_DHCPv6Server,true,2025-07-29T14:49:13.180Z,true,2025-07-29T14:49:13.180Z,"",,,,,,
InternetGatewayDevice.LANDevice.1.X_CMCC_DataSpeedLimit,true,2025-07-29T14:49:13.180Z,true,2025-07-29T14:49:13.180Z,"",,,,,,
InternetGatewayDevice.LANDevice.1.X_CMCC_HostCustomise,true,2025-07-29T14:49:13.180Z,true,2025-07-29T14:49:13.180Z,"",,,,,,
InternetGatewayDevice.LANDevice.1.X_CMCC_IPv6Config,true,2025-07-29T14:49:13.180Z,false,2025-07-29T14:49:13.180Z,"",,,,,,
InternetGatewayDevice.LANDevice.1.X_CMCC_LoopbackDetection,true,2025-07-29T14:49:13.180Z,true,2025-07-29T14:49:13.180Z,"",,,,,,
InternetGatewayDevice.LANDevice.1.X_CMCC_RouterAdvertisement,true,2025-07-29T14:49:13.180Z,true,2025-07-29T14:49:13.180Z,"",,,,,,
InternetGatewayDevice.LANDevice.1.X_CMCC_WLANForGuest,true,2025-07-29T14:49:13.180Z,true,2025-07-29T14:49:13.180Z,"",,,,,,
InternetGatewayDevice.LANDevice.1.X_CMCC_WLANShare,true,2025-07-29T14:49:13.180Z,true,2025-07-29T14:49:13.180Z,"",,,,,,
InternetGatewayDevice.LANDevice.1.X_CMCC_WLANSwitchTimerControl,true,2025-07-29T14:49:13.180Z,true,2025-07-29T14:49:13.180Z,"",,,,,,
InternetGatewayDevice.LANInterfaces,true,2025-07-29T09:20:40.979Z,false,2025-07-29T09:20:40.979Z,"",,,,,,
InternetGatewayDevice.Layer2Bridging,true,2025-07-29T09:20:40.979Z,false,2025-07-29T09:20:40.979Z,"",,,,,,
InternetGatewayDevice.Layer3Forwarding,true,2025-07-29T09:20:40.979Z,false,2025-07-29T09:20:40.979Z,"",,,,,,
InternetGatewayDevice.ManagementServer,true,2025-07-29T09:20:40.979Z,false,2025-07-29T09:20:40.979Z,"",,,,,,
InternetGatewayDevice.ManagementServer.ConnectionRequestPassword,false,2025-07-29T09:20:40.979Z,true,2025-07-29T09:20:40.979Z,"2blkz3ruhi7",xsd:string,2025-07-29T09:19:12.510Z,,,,
InternetGatewayDevice.ManagementServer.ConnectionRequestURL,false,2025-07-29T09:20:40.979Z,false,2025-07-29T09:20:40.979Z,"http://10.255.3.240:58000/cIjMdEeTiDiQ",xsd:string,2025-07-29T15:14:44.093Z,,,,
InternetGatewayDevice.ManagementServer.ConnectionRequestUsername,false,2025-07-29T09:20:40.979Z,true,2025-07-29T09:20:40.979Z,"3CF652-F663NV9-ZTEGCAAB8C21",xsd:string,2025-07-29T09:19:12.510Z,,,,
InternetGatewayDevice.ManagementServer.KickURL,false,2025-07-29T09:20:40.979Z,false,2025-07-29T09:20:40.979Z,"",,,,,,
InternetGatewayDevice.ManagementServer.ParameterKey,false,2025-07-29T09:20:40.979Z,false,2025-07-29T09:20:40.979Z,"",xsd:string,2025-07-29T15:14:44.093Z,,,,
InternetGatewayDevice.ManagementServer.Password,false,2025-07-29T09:20:40.979Z,true,2025-07-29T09:20:40.979Z,"",,,,,,
InternetGatewayDevice.ManagementServer.PeriodicInformEnable,false,2025-07-29T09:20:40.979Z,true,2025-07-29T09:20:40.979Z,"true",xsd:boolean,2025-07-29T09:19:12.510Z,,,,
InternetGatewayDevice.ManagementServer.PeriodicInformInterval,false,2025-07-29T09:20:40.979Z,true,2025-07-29T09:20:40.979Z,"100",xsd:unsignedInt,2025-07-29T09:19:12.510Z,,,,
InternetGatewayDevice.ManagementServer.PeriodicInformTime,false,2025-07-29T09:20:40.979Z,true,2025-07-29T09:20:40.979Z,"",,,,,,
InternetGatewayDevice.ManagementServer.URL,false,2025-07-29T09:20:40.979Z,true,2025-07-29T09:20:40.979Z,"http://10.240.0.6:7547",xsd:string,2025-07-29T09:19:12.509Z,,,,
InternetGatewayDevice.ManagementServer.UpgradesManaged,false,2025-07-29T09:20:40.979Z,true,2025-07-29T09:20:40.979Z,"",,,,,,
InternetGatewayDevice.ManagementServer.Username,false,2025-07-29T09:20:40.979Z,true,2025-07-29T09:20:40.979Z,"",,,,,,
InternetGatewayDevice.ManagementServer.X_CMCC_JSON,true,2025-07-29T09:20:40.979Z,false,2025-07-29T09:20:40.979Z,"",,,,,,
InternetGatewayDevice.Services,true,2025-07-29T09:20:40.979Z,false,2025-07-29T09:20:40.979Z,"",,,,,,
InternetGatewayDevice.SoftwareModules,true,2025-07-29T09:20:40.979Z,false,2025-07-29T09:20:40.979Z,"",,,,,,
InternetGatewayDevice.Time,true,2025-07-29T09:20:40.979Z,false,2025-07-29T09:20:40.979Z,"",,,,,,
InternetGatewayDevice.TraceRouteDiagnostics,true,2025-07-29T09:20:40.979Z,false,2025-07-29T09:20:40.979Z,"",,,,,,
InternetGatewayDevice.WANDevice,true,2025-07-29T09:20:40.979Z,false,2025-07-29T09:20:40.979Z,"",,,,,,
InternetGatewayDevice.WANDevice.1,true,2025-07-29T15:14:44.092Z,false,2025-07-29T15:14:44.092Z,"",,,,,,
InternetGatewayDevice.WANDevice.1.WANCommonInterfaceConfig,true,2025-07-29T15:14:44.092Z,false,2025-07-29T15:14:44.092Z,"",,,,,,
InternetGatewayDevice.WANDevice.1.WANCommonInterfaceConfig.Connection,true,2025-07-29T15:14:44.092Z,false,2025-07-29T15:14:44.092Z,"",,,,,,
InternetGatewayDevice.WANDevice.1.WANCommonInterfaceConfig.EnabledForInternet,false,2025-07-29T15:14:44.092Z,true,2025-07-29T15:14:44.092Z,"",,,,,,
InternetGatewayDevice.WANDevice.1.WANCommonInterfaceConfig.Layer1DownstreamMaxBitRate,false,2025-07-29T15:14:44.092Z,false,2025-07-29T15:14:44.092Z,"1000000",xsd:unsignedInt,2025-07-29T15:14:44.100Z,,,,
InternetGatewayDevice.WANDevice.1.WANCommonInterfaceConfig.Layer1UpstreamMaxBitRate,false,2025-07-29T15:14:44.092Z,false,2025-07-29T15:14:44.092Z,"1000000",xsd:unsignedInt,2025-07-29T15:14:44.100Z,,,,
InternetGatewayDevice.WANDevice.1.WANCommonInterfaceConfig.MaximumActiveConnections,false,2025-07-29T15:14:44.092Z,false,2025-07-29T15:14:44.092Z,"",,,,,,
InternetGatewayDevice.WANDevice.1.WANCommonInterfaceConfig.NumberOfActiveConnections,false,2025-07-29T15:14:44.092Z,false,2025-07-29T15:14:44.092Z,"",,,,,,
InternetGatewayDevice.WANDevice.1.WANCommonInterfaceConfig.PhysicalLinkStatus,false,2025-07-29T15:14:44.092Z,false,2025-07-29T15:14:44.092Z,"",,,,,,
InternetGatewayDevice.WANDevice.1.WANCommonInterfaceConfig.TotalBytesReceived,false,2025-07-29T15:14:44.092Z,false,2025-07-29T15:14:44.092Z,"",,,,,,
InternetGatewayDevice.WANDevice.1.WANCommonInterfaceConfig.TotalBytesSent,false,2025-07-29T15:14:44.092Z,false,2025-07-29T15:14:44.092Z,"",,,,,,
InternetGatewayDevice.WANDevice.1.WANCommonInterfaceConfig.TotalPacketsReceived,false,2025-07-29T15:14:44.092Z,false,2025-07-29T15:14:44.092Z,"",,,,,,
InternetGatewayDevice.WANDevice.1.WANCommonInterfaceConfig.TotalPacketsSent,false,2025-07-29T15:14:44.092Z,false,2025-07-29T15:14:44.092Z,"",,,,,,
InternetGatewayDevice.WANDevice.1.WANCommonInterfaceConfig.WANAccessType,false,2025-07-29T15:14:44.092Z,false,2025-07-29T15:14:44.092Z,"EPON",xsd:string,2025-07-29T15:14:44.096Z,,,,
InternetGatewayDevice.WANDevice.1.WANConnectionDevice,true,2025-07-29T15:14:44.092Z,true,2025-07-29T15:14:44.092Z,"",,,,,,
InternetGatewayDevice.WANDevice.1.WANConnectionDevice.1,true,2025-07-29T15:14:44.092Z,true,2025-07-29T15:14:44.092Z,"",,,,,,
InternetGatewayDevice.WANDevice.1.WANConnectionDevice.1.WANIPConnection,true,2025-07-29T15:14:44.092Z,true,2025-07-29T15:14:44.092Z,"",,,,,,
InternetGatewayDevice.WANDevice.1.WANConnectionDevice.1.WANIPConnection.1,true,2025-07-29T15:14:44.092Z,true,2025-07-29T15:14:44.092Z,"",,,,,,
InternetGatewayDevice.WANDevice.1.WANConnectionDevice.1.WANIPConnection.1.AddressingType,false,2025-07-29T15:14:44.092Z,true,2025-07-29T15:14:44.092Z,"",,,,,,
InternetGatewayDevice.WANDevice.1.WANConnectionDevice.1.WANIPConnection.1.AutoDisconnectTime,false,2025-07-29T15:14:44.092Z,true,2025-07-29T15:14:44.092Z,"",,,,,,
InternetGatewayDevice.WANDevice.1.WANConnectionDevice.1.WANIPConnection.1.ConnectionStatus,false,2025-07-29T15:14:44.092Z,false,2025-07-29T15:14:44.092Z,"",,,,,,
InternetGatewayDevice.WANDevice.1.WANConnectionDevice.1.WANIPConnection.1.ConnectionTrigger,false,2025-07-29T15:14:44.092Z,true,2025-07-29T15:14:44.092Z,"",,,,,,
InternetGatewayDevice.WANDevice.1.WANConnectionDevice.1.WANIPConnection.1.ConnectionType,false,2025-07-29T15:14:44.092Z,true,2025-07-29T15:14:44.092Z,"",,,,,,
InternetGatewayDevice.WANDevice.1.WANConnectionDevice.1.WANIPConnection.1.DNSEnabled,false,2025-07-29T15:14:44.092Z,true,2025-07-29T15:14:44.092Z,"",,,,,,
InternetGatewayDevice.WANDevice.1.WANConnectionDevice.1.WANIPConnection.1.DNSOverrideAllowed,false,2025-07-29T15:14:44.092Z,true,2025-07-29T15:14:44.092Z,"",,,,,,
InternetGatewayDevice.WANDevice.1.WANConnectionDevice.1.WANIPConnection.1.DNSServers,false,2025-07-29T15:14:44.092Z,true,2025-07-29T15:14:44.092Z,"",,,,,,
InternetGatewayDevice.WANDevice.1.WANConnectionDevice.1.WANIPConnection.1.DefaultGateway,false,2025-07-29T15:14:44.092Z,true,2025-07-29T15:14:44.092Z,"",,,,,,
InternetGatewayDevice.WANDevice.1.WANConnectionDevice.1.WANIPConnection.1.Enable,false,2025-07-29T15:14:44.092Z,true,2025-07-29T15:14:44.092Z,"",,,,,,
InternetGatewayDevice.WANDevice.1.WANConnectionDevice.1.WANIPConnection.1.ExternalIPAddress,false,2025-07-29T15:14:44.092Z,true,2025-07-29T15:14:44.092Z,"10.255.3.240",xsd:string,2025-07-29T15:14:44.093Z,,,,
InternetGatewayDevice.WANDevice.1.WANConnectionDevice.1.WANIPConnection.1.IdleDisconnectTime,false,2025-07-29T15:14:44.092Z,true,2025-07-29T15:14:44.092Z,"",,,,,,
InternetGatewayDevice.WANDevice.1.WANConnectionDevice.1.WANIPConnection.1.LastConnectionError,false,2025-07-29T15:14:44.092Z,false,2025-07-29T15:14:44.092Z,"",,,,,,
InternetGatewayDevice.WANDevice.1.WANConnectionDevice.1.WANIPConnection.1.MACAddress,false,2025-07-29T15:14:44.092Z,false,2025-07-29T15:14:44.092Z,"3C:F6:52:7B:D3:E1",xsd:string,2025-07-29T14:49:13.246Z,,,,
InternetGatewayDevice.WANDevice.1.WANConnectionDevice.1.WANIPConnection.1.MACAddressOverride,false,2025-07-29T15:14:44.092Z,true,2025-07-29T15:14:44.092Z,"",,,,,,
InternetGatewayDevice.WANDevice.1.WANConnectionDevice.1.WANIPConnection.1.MaxMTUSize,false,2025-07-29T15:14:44.092Z,true,2025-07-29T15:14:44.092Z,"",,,,,,
InternetGatewayDevice.WANDevice.1.WANConnectionDevice.1.WANIPConnection.1.NATEnabled,false,2025-07-29T15:14:44.092Z,true,2025-07-29T15:14:44.092Z,"",,,,,,
InternetGatewayDevice.WANDevice.1.WANConnectionDevice.1.WANIPConnection.1.Name,false,2025-07-29T15:14:44.092Z,true,2025-07-29T15:14:44.092Z,"",,,,,,
InternetGatewayDevice.WANDevice.1.WANConnectionDevice.1.WANIPConnection.1.PortMapping,true,2025-07-29T15:14:44.092Z,true,2025-07-29T15:14:44.092Z,"",,,,,,
InternetGatewayDevice.WANDevice.1.WANConnectionDevice.1.WANIPConnection.1.PortMappingNumberOfEntries,false,2025-07-29T15:14:44.092Z,false,2025-07-29T15:14:44.092Z,"",,,,,,
InternetGatewayDevice.WANDevice.1.WANConnectionDevice.1.WANIPConnection.1.PossibleConnectionTypes,false,2025-07-29T15:14:44.092Z,false,2025-07-29T15:14:44.092Z,"",,,,,,
InternetGatewayDevice.WANDevice.1.WANConnectionDevice.1.WANIPConnection.1.RSIPAvailable,false,2025-07-29T15:14:44.092Z,false,2025-07-29T15:14:44.092Z,"",,,,,,
InternetGatewayDevice.WANDevice.1.WANConnectionDevice.1.WANIPConnection.1.RouteProtocolRx,false,2025-07-29T15:14:44.092Z,true,2025-07-29T15:14:44.092Z,"",,,,,,
InternetGatewayDevice.WANDevice.1.WANConnectionDevice.1.WANIPConnection.1.ShapingBurstSize,false,2025-07-29T15:14:44.092Z,true,2025-07-29T15:14:44.092Z,"",,,,,,
InternetGatewayDevice.WANDevice.1.WANConnectionDevice.1.WANIPConnection.1.ShapingRate,false,2025-07-29T15:14:44.092Z,true,2025-07-29T15:14:44.092Z,"",,,,,,
InternetGatewayDevice.WANDevice.1.WANConnectionDevice.1.WANIPConnection.1.SubnetMask,false,2025-07-29T15:14:44.092Z,true,2025-07-29T15:14:44.092Z,"",,,,,,
InternetGatewayDevice.WANDevice.1.WANConnectionDevice.1.WANIPConnection.1.Uptime,false,2025-07-29T15:14:44.092Z,false,2025-07-29T15:14:44.092Z,"",,,,,,
InternetGatewayDevice.WANDevice.1.WANConnectionDevice.1.WANIPConnection.1.WarnDisconnectDelay,false,2025-07-29T15:14:44.092Z,true,2025-07-29T15:14:44.092Z,"",,,,,,
InternetGatewayDevice.WANDevice.1.WANConnectionDevice.1.WANIPConnection.1.X_CMCC_802-1pMark,false,2025-07-29T15:14:44.092Z,true,2025-07-29T15:14:44.092Z,"",,,,,,
InternetGatewayDevice.WANDevice.1.WANConnectionDevice.1.WANIPConnection.1.X_CMCC_Aftr,false,2025-07-29T15:14:44.092Z,true,2025-07-29T15:14:44.092Z,"",,,,,,
InternetGatewayDevice.WANDevice.1.WANConnectionDevice.1.WANIPConnection.1.X_CMCC_AftrMode,false,2025-07-29T15:14:44.092Z,true,2025-07-29T15:14:44.092Z,"",,,,,,
InternetGatewayDevice.WANDevice.1.WANConnectionDevice.1.WANIPConnection.1.X_CMCC_DDNSConfiguration,true,2025-07-29T15:14:44.092Z,true,2025-07-29T15:14:44.092Z,"",,,,,,
InternetGatewayDevice.WANDevice.1.WANConnectionDevice.1.WANIPConnection.1.X_CMCC_DHCPOPTION125,true,2025-07-29T15:14:44.092Z,true,2025-07-29T15:14:44.092Z,"",,,,,,
InternetGatewayDevice.WANDevice.1.WANConnectionDevice.1.WANIPConnection.1.X_CMCC_DHCPOPTION60,true,2025-07-29T15:14:44.092Z,false,2025-07-29T15:14:44.092Z,"",,,,,,
InternetGatewayDevice.WANDevice.1.WANConnectionDevice.1.WANIPConnection.1.X_CMCC_DefaultIPv6Gateway,false,2025-07-29T15:14:44.092Z,true,2025-07-29T15:14:44.092Z,"",,,,,,
InternetGatewayDevice.WANDevice.1.WANConnectionDevice.1.WANIPConnection.1.X_CMCC_Dslite_Enable,false,2025-07-29T15:14:44.092Z,true,2025-07-29T15:14:44.092Z,"",,,,,,
InternetGatewayDevice.WANDevice.1.WANConnectionDevice.1.WANIPConnection.1.X_CMCC_IPMode,false,2025-07-29T15:14:44.092Z,true,2025-07-29T15:14:44.092Z,"",,,,,,
InternetGatewayDevice.WANDevice.1.WANConnectionDevice.1.WANIPConnection.1.X_CMCC_IPv6ConnStatus,false,2025-07-29T15:14:44.092Z,false,2025-07-29T15:14:44.092Z,"",,,,,,
InternetGatewayDevice.WANDevice.1.WANConnectionDevice.1.WANIPConnection.1.X_CMCC_IPv6DNSServers,false,2025-07-29T15:14:44.092Z,true,2025-07-29T15:14:44.092Z,"",,,,,,
InternetGatewayDevice.WANDevice.1.WANConnectionDevice.1.WANIPConnection.1.X_CMCC_IPv6DomainName,false,2025-07-29T15:14:44.092Z,true,2025-07-29T15:14:44.092Z,"",,,,,,
InternetGatewayDevice.WANDevice.1.WANConnectionDevice.1.WANIPConnection.1.X_CMCC_IPv6IPAddress,false,2025-07-29T15:14:44.092Z,true,2025-07-29T15:14:44.092Z,"",,,,,,
InternetGatewayDevice.WANDevice.1.WANConnectionDevice.1.WANIPConnection.1.X_CMCC_IPv6IPAddressAlias,false,2025-07-29T15:14:44.092Z,true,2025-07-29T15:14:44.092Z,"",,,,,,
InternetGatewayDevice.WANDevice.1.WANConnectionDevice.1.WANIPConnection.1.X_CMCC_IPv6IPAddressOrigin,false,2025-07-29T15:14:44.092Z,true,2025-07-29T15:14:44.092Z,"",,,,,,
InternetGatewayDevice.WANDevice.1.WANConnectionDevice.1.WANIPConnection.1.X_CMCC_IPv6Prefix,false,2025-07-29T15:14:44.092Z,true,2025-07-29T15:14:44.092Z,"",,,,,,
InternetGatewayDevice.WANDevice.1.WANConnectionDevice.1.WANIPConnection.1.X_CMCC_IPv6PrefixAlias,false,2025-07-29T15:14:44.092Z,true,2025-07-29T15:14:44.092Z,"",,,,,,
InternetGatewayDevice.WANDevice.1.WANConnectionDevice.1.WANIPConnection.1.X_CMCC_IPv6PrefixDelegationEnabled,false,2025-07-29T15:14:44.092Z,true,2025-07-29T15:14:44.092Z,"",,,,,,
InternetGatewayDevice.WANDevice.1.WANConnectionDevice.1.WANIPConnection.1.X_CMCC_IPv6PrefixOrigin,false,2025-07-29T15:14:44.092Z,true,2025-07-29T15:14:44.092Z,"",,,,,,
InternetGatewayDevice.WANDevice.1.WANConnectionDevice.1.WANIPConnection.1.X_CMCC_IPv6PrefixPltime,false,2025-07-29T15:14:44.092Z,true,2025-07-29T15:14:44.092Z,"",,,,,,
InternetGatewayDevice.WANDevice.1.WANConnectionDevice.1.WANIPConnection.1.X_CMCC_IPv6PrefixVltime,false,2025-07-29T15:14:44.092Z,true,2025-07-29T15:14:44.092Z,"",,,,,,
InternetGatewayDevice.WANDevice.1.WANConnectionDevice.1.WANIPConnection.1.X_CMCC_LanInterface,false,2025-07-29T15:14:44.092Z,true,2025-07-29T15:14:44.092Z,"",,,,,,
InternetGatewayDevice.WANDevice.1.WANConnectionDevice.1.WANIPConnection.1.X_CMCC_LanInterface-DHCPEnable,false,2025-07-29T15:14:44.092Z,true,2025-07-29T15:14:44.092Z,"",,,,,,
InternetGatewayDevice.WANDevice.1.WANConnectionDevice.1.WANIPConnection.1.X_CMCC_MulticastVlan,false,2025-07-29T15:14:44.092Z,true,2025-07-29T15:14:44.092Z,"",,,,,,
InternetGatewayDevice.WANDevice.1.WANConnectionDevice.1.WANIPConnection.1.X_CMCC_NPTv6Enable,false,2025-07-29T15:14:44.092Z,true,2025-07-29T15:14:44.092Z,"",,,,,,
InternetGatewayDevice.WANDevice.1.WANConnectionDevice.1.WANIPConnection.1.X_CMCC_ServiceList,false,2025-07-29T15:14:44.092Z,true,2025-07-29T15:14:44.092Z,"",,,,,,
InternetGatewayDevice.WANDevice.1.WANConnectionDevice.1.WANIPConnection.1.X_CMCC_VLANIDMark,false,2025-07-29T15:14:44.092Z,true,2025-07-29T15:14:44.092Z,"",,,,,,
InternetGatewayDevice.WANDevice.1.WANConnectionDevice.1.WANIPConnection.1.X_CMCC_VLANMode,false,2025-07-29T15:14:44.092Z,true,2025-07-29T15:14:44.092Z,"",,,,,,
InternetGatewayDevice.WANDevice.1.WANConnectionDevice.1.WANIPConnectionNumberOfEntries,false,2025-07-29T15:14:44.092Z,false,2025-07-29T15:14:44.092Z,"",,,,,,
InternetGatewayDevice.WANDevice.1.WANConnectionDevice.1.WANPPPConnection,true,2025-07-29T15:14:44.092Z,true,2025-07-29T15:14:44.092Z,"",,,,,,
InternetGatewayDevice.WANDevice.1.WANConnectionDevice.1.WANPPPConnection.1,true,2025-07-29T15:14:44.092Z,true,2025-07-29T15:14:44.092Z,"",,,,,,
InternetGatewayDevice.WANDevice.1.WANConnectionDevice.1.WANPPPConnection.1.AutoDisconnectTime,false,2025-07-29T15:14:44.092Z,true,2025-07-29T15:14:44.092Z,"",,,,,,
InternetGatewayDevice.WANDevice.1.WANConnectionDevice.1.WANPPPConnection.1.ConnectionStatus,false,2025-07-29T15:14:44.092Z,false,2025-07-29T15:14:44.092Z,"",,,,,,
InternetGatewayDevice.WANDevice.1.WANConnectionDevice.1.WANPPPConnection.1.ConnectionTrigger,false,2025-07-29T15:14:44.092Z,true,2025-07-29T15:14:44.092Z,"",,,,,,
InternetGatewayDevice.WANDevice.1.WANConnectionDevice.1.WANPPPConnection.1.ConnectionType,false,2025-07-29T15:14:44.092Z,true,2025-07-29T15:14:44.092Z,"",,,,,,
InternetGatewayDevice.WANDevice.1.WANConnectionDevice.1.WANPPPConnection.1.CurrentMRUSize,false,2025-07-29T15:14:44.092Z,false,2025-07-29T15:14:44.092Z,"",,,,,,
InternetGatewayDevice.WANDevice.1.WANConnectionDevice.1.WANPPPConnection.1.DNSEnabled,false,2025-07-29T15:14:44.092Z,false,2025-07-29T15:14:44.092Z,"",,,,,,
InternetGatewayDevice.WANDevice.1.WANConnectionDevice.1.WANPPPConnection.1.DNSOverrideAllowed,false,2025-07-29T15:14:44.092Z,true,2025-07-29T15:14:44.092Z,"",,,,,,
InternetGatewayDevice.WANDevice.1.WANConnectionDevice.1.WANPPPConnection.1.DNSServers,false,2025-07-29T15:14:44.092Z,false,2025-07-29T15:14:44.092Z,"",,,,,,
InternetGatewayDevice.WANDevice.1.WANConnectionDevice.1.WANPPPConnection.1.Enable,false,2025-07-29T15:14:44.092Z,true,2025-07-29T15:14:44.092Z,"",,,,,,
InternetGatewayDevice.WANDevice.1.WANConnectionDevice.1.WANPPPConnection.1.ExternalIPAddress,false,2025-07-29T15:14:44.092Z,false,2025-07-29T15:14:44.092Z,"10.2.3.160",xsd:string,2025-07-29T15:14:44.096Z,,,,
InternetGatewayDevice.WANDevice.1.WANConnectionDevice.1.WANPPPConnection.1.IdleDisconnectTime,false,2025-07-29T15:14:44.092Z,true,2025-07-29T15:14:44.092Z,"",,,,,,
InternetGatewayDevice.WANDevice.1.WANConnectionDevice.1.WANPPPConnection.1.LastConnectionError,false,2025-07-29T15:14:44.092Z,false,2025-07-29T15:14:44.092Z,"",,,,,,
InternetGatewayDevice.WANDevice.1.WANConnectionDevice.1.WANPPPConnection.1.MACAddress,false,2025-07-29T15:14:44.092Z,false,2025-07-29T15:14:44.092Z,"3C:F6:52:7B:D3:E0",xsd:string,2025-07-29T15:14:44.096Z,,,,
InternetGatewayDevice.WANDevice.1.WANConnectionDevice.1.WANPPPConnection.1.MACAddressOverride,false,2025-07-29T15:14:44.092Z,true,2025-07-29T15:14:44.092Z,"",,,,,,
InternetGatewayDevice.WANDevice.1.WANConnectionDevice.1.WANPPPConnection.1.MaxMRUSize,false,2025-07-29T15:14:44.092Z,true,2025-07-29T15:14:44.092Z,"",,,,,,
InternetGatewayDevice.WANDevice.1.WANConnectionDevice.1.WANPPPConnection.1.NATEnabled,false,2025-07-29T15:14:44.092Z,true,2025-07-29T15:14:44.092Z,"",,,,,,
InternetGatewayDevice.WANDevice.1.WANConnectionDevice.1.WANPPPConnection.1.Name,false,2025-07-29T15:14:44.092Z,true,2025-07-29T15:14:44.092Z,"",,,,,,
InternetGatewayDevice.WANDevice.1.WANConnectionDevice.1.WANPPPConnection.1.PPPAuthenticationProtocol,false,2025-07-29T15:14:44.092Z,false,2025-07-29T15:14:44.092Z,"",,,,,,
InternetGatewayDevice.WANDevice.1.WANConnectionDevice.1.WANPPPConnection.1.PPPCompressionProtocol,false,2025-07-29T15:14:44.092Z,false,2025-07-29T15:14:44.092Z,"",,,,,,
InternetGatewayDevice.WANDevice.1.WANConnectionDevice.1.WANPPPConnection.1.PPPEncryptionProtocol,false,2025-07-29T15:14:44.092Z,false,2025-07-29T15:14:44.092Z,"",,,,,,
InternetGatewayDevice.WANDevice.1.WANConnectionDevice.1.WANPPPConnection.1.PPPLCPEcho,false,2025-07-29T15:14:44.092Z,false,2025-07-29T15:14:44.092Z,"",,,,,,
InternetGatewayDevice.WANDevice.1.WANConnectionDevice.1.WANPPPConnection.1.PPPLCPEchoRetry,false,2025-07-29T15:14:44.092Z,false,2025-07-29T15:14:44.092Z,"",,,,,,
InternetGatewayDevice.WANDevice.1.WANConnectionDevice.1.WANPPPConnection.1.PPPoEACName,false,2025-07-29T15:14:44.092Z,true,2025-07-29T15:14:44.092Z,"",,,,,,
InternetGatewayDevice.WANDevice.1.WANConnectionDevice.1.WANPPPConnection.1.PPPoEServiceName,false,2025-07-29T15:14:44.092Z,true,2025-07-29T15:14:44.092Z,"",,,,,,
InternetGatewayDevice.WANDevice.1.WANConnectionDevice.1.WANPPPConnection.1.Password,false,2025-07-29T15:14:44.092Z,true,2025-07-29T15:14:44.092Z,"",xsd:string,2025-07-29T15:14:44.096Z,,,,
InternetGatewayDevice.WANDevice.1.WANConnectionDevice.1.WANPPPConnection.1.PortMapping,true,2025-07-29T15:14:44.092Z,true,2025-07-29T15:14:44.092Z,"",,,,,,
InternetGatewayDevice.WANDevice.1.WANConnectionDevice.1.WANPPPConnection.1.PortMappingNumberOfEntries,false,2025-07-29T15:14:44.092Z,false,2025-07-29T15:14:44.092Z,"",,,,,,
InternetGatewayDevice.WANDevice.1.WANConnectionDevice.1.WANPPPConnection.1.PossibleConnectionTypes,false,2025-07-29T15:14:44.092Z,false,2025-07-29T15:14:44.092Z,"",,,,,,
InternetGatewayDevice.WANDevice.1.WANConnectionDevice.1.WANPPPConnection.1.RSIPAvailable,false,2025-07-29T15:14:44.092Z,false,2025-07-29T15:14:44.092Z,"",,,,,,
InternetGatewayDevice.WANDevice.1.WANConnectionDevice.1.WANPPPConnection.1.RemoteIPAddress,false,2025-07-29T15:14:44.092Z,false,2025-07-29T15:14:44.092Z,"",,,,,,
InternetGatewayDevice.WANDevice.1.WANConnectionDevice.1.WANPPPConnection.1.RouteProtocolRx,false,2025-07-29T15:14:44.092Z,true,2025-07-29T15:14:44.092Z,"",,,,,,
InternetGatewayDevice.WANDevice.1.WANConnectionDevice.1.WANPPPConnection.1.TransportType,false,2025-07-29T15:14:44.092Z,false,2025-07-29T15:14:44.092Z,"",,,,,,
InternetGatewayDevice.WANDevice.1.WANConnectionDevice.1.WANPPPConnection.1.Uptime,false,2025-07-29T15:14:44.092Z,false,2025-07-29T15:14:44.092Z,"",,,,,,
InternetGatewayDevice.WANDevice.1.WANConnectionDevice.1.WANPPPConnection.1.Username,false,2025-07-29T15:14:44.092Z,true,2025-07-29T15:14:44.092Z,"",,,,,,
InternetGatewayDevice.WANDevice.1.WANConnectionDevice.1.WANPPPConnection.1.WarnDisconnectDelay,false,2025-07-29T15:14:44.092Z,true,2025-07-29T15:14:44.092Z,"",,,,,,
InternetGatewayDevice.WANDevice.1.WANConnectionDevice.1.WANPPPConnection.1.X_CMCC_802-1pMark,false,2025-07-29T15:14:44.092Z,true,2025-07-29T15:14:44.092Z,"",,,,,,
InternetGatewayDevice.WANDevice.1.WANConnectionDevice.1.WANPPPConnection.1.X_CMCC_Aftr,false,2025-07-29T15:14:44.092Z,true,2025-07-29T15:14:44.092Z,"",,,,,,
InternetGatewayDevice.WANDevice.1.WANConnectionDevice.1.WANPPPConnection.1.X_CMCC_AftrMode,false,2025-07-29T15:14:44.092Z,true,2025-07-29T15:14:44.092Z,"",,,,,,
InternetGatewayDevice.WANDevice.1.WANConnectionDevice.1.WANPPPConnection.1.X_CMCC_DDNSConfiguration,true,2025-07-29T15:14:44.092Z,true,2025-07-29T15:14:44.092Z,"",,,,,,
InternetGatewayDevice.WANDevice.1.WANConnectionDevice.1.WANPPPConnection.1.X_CMCC_DefaultIPv6Gateway,false,2025-07-29T15:14:44.092Z,true,2025-07-29T15:14:44.092Z,"",,,,,,
InternetGatewayDevice.WANDevice.1.WANConnectionDevice.1.WANPPPConnection.1.X_CMCC_Dslite_Enable,false,2025-07-29T15:14:44.092Z,true,2025-07-29T15:14:44.092Z,"",,,,,,
InternetGatewayDevice.WANDevice.1.WANConnectionDevice.1.WANPPPConnection.1.X_CMCC_IPMode,false,2025-07-29T15:14:44.092Z,true,2025-07-29T15:14:44.092Z,"",,,,,,
InternetGatewayDevice.WANDevice.1.WANConnectionDevice.1.WANPPPConnection.1.X_CMCC_IPv6ConnStatus,false,2025-07-29T15:14:44.092Z,false,2025-07-29T15:14:44.092Z,"",,,,,,
InternetGatewayDevice.WANDevice.1.WANConnectionDevice.1.WANPPPConnection.1.X_CMCC_IPv6DNSServers,false,2025-07-29T15:14:44.092Z,true,2025-07-29T15:14:44.092Z,"",,,,,,
InternetGatewayDevice.WANDevice.1.WANConnectionDevice.1.WANPPPConnection.1.X_CMCC_IPv6DomainName,false,2025-07-29T15:14:44.092Z,true,2025-07-29T15:14:44.092Z,"",,,,,,
InternetGatewayDevice.WANDevice.1.WANConnectionDevice.1.WANPPPConnection.1.X_CMCC_IPv6IPAddress,false,2025-07-29T15:14:44.092Z,true,2025-07-29T15:14:44.092Z,"",,,,,,
InternetGatewayDevice.WANDevice.1.WANConnectionDevice.1.WANPPPConnection.1.X_CMCC_IPv6IPAddressAlias,false,2025-07-29T15:14:44.092Z,true,2025-07-29T15:14:44.092Z,"",,,,,,
InternetGatewayDevice.WANDevice.1.WANConnectionDevice.1.WANPPPConnection.1.X_CMCC_IPv6IPAddressOrigin,false,2025-07-29T15:14:44.092Z,true,2025-07-29T15:14:44.092Z,"",,,,,,
InternetGatewayDevice.WANDevice.1.WANConnectionDevice.1.WANPPPConnection.1.X_CMCC_IPv6Prefix,false,2025-07-29T15:14:44.092Z,true,2025-07-29T15:14:44.092Z,"",,,,,,
InternetGatewayDevice.WANDevice.1.WANConnectionDevice.1.WANPPPConnection.1.X_CMCC_IPv6PrefixAlias,false,2025-07-29T15:14:44.092Z,true,2025-07-29T15:14:44.092Z,"",,,,,,
InternetGatewayDevice.WANDevice.1.WANConnectionDevice.1.WANPPPConnection.1.X_CMCC_IPv6PrefixDelegationEnabled,false,2025-07-29T15:14:44.092Z,true,2025-07-29T15:14:44.092Z,"",,,,,,
InternetGatewayDevice.WANDevice.1.WANConnectionDevice.1.WANPPPConnection.1.X_CMCC_IPv6PrefixOrigin,false,2025-07-29T15:14:44.092Z,true,2025-07-29T15:14:44.092Z,"",,,,,,
InternetGatewayDevice.WANDevice.1.WANConnectionDevice.1.WANPPPConnection.1.X_CMCC_IPv6PrefixPltime,false,2025-07-29T15:14:44.092Z,true,2025-07-29T15:14:44.092Z,"",,,,,,
InternetGatewayDevice.WANDevice.1.WANConnectionDevice.1.WANPPPConnection.1.X_CMCC_IPv6PrefixVltime,false,2025-07-29T15:14:44.092Z,true,2025-07-29T15:14:44.092Z,"",,,,,,
InternetGatewayDevice.WANDevice.1.WANConnectionDevice.1.WANPPPConnection.1.X_CMCC_LanInterface,false,2025-07-29T15:14:44.092Z,true,2025-07-29T15:14:44.092Z,"",,,,,,
InternetGatewayDevice.WANDevice.1.WANConnectionDevice.1.WANPPPConnection.1.X_CMCC_LanInterface-DHCPEnable,false,2025-07-29T15:14:44.092Z,true,2025-07-29T15:14:44.092Z,"",,,,,,
InternetGatewayDevice.WANDevice.1.WANConnectionDevice.1.WANPPPConnection.1.X_CMCC_MulticastVlan,false,2025-07-29T15:14:44.092Z,true,2025-07-29T15:14:44.092Z,"",,,,,,
InternetGatewayDevice.WANDevice.1.WANConnectionDevice.1.WANPPPConnection.1.X_CMCC_NPTv6Enable,false,2025-07-29T15:14:44.092Z,true,2025-07-29T15:14:44.092Z,"",,,,,,
InternetGatewayDevice.WANDevice.1.WANConnectionDevice.1.WANPPPConnection.1.X_CMCC_ServiceList,false,2025-07-29T15:14:44.092Z,true,2025-07-29T15:14:44.092Z,"",,,,,,
InternetGatewayDevice.WANDevice.1.WANConnectionDevice.1.WANPPPConnection.1.X_CMCC_VLANIDMark,false,2025-07-29T15:14:44.092Z,true,2025-07-29T15:14:44.092Z,"",,,,,,
InternetGatewayDevice.WANDevice.1.WANConnectionDevice.1.WANPPPConnection.1.X_CMCC_VLANMode,false,2025-07-29T15:14:44.092Z,true,2025-07-29T15:14:44.092Z,"",,,,,,
InternetGatewayDevice.WANDevice.1.WANConnectionDevice.1.WANPPPConnectionNumberOfEntries,false,2025-07-29T15:14:44.092Z,false,2025-07-29T15:14:44.092Z,"",,,,,,
InternetGatewayDevice.WANDevice.1.WANConnectionNumberOfEntries,false,2025-07-29T15:14:44.092Z,false,2025-07-29T15:14:44.092Z,"",,,,,,
InternetGatewayDevice.WANDevice.1.X_CMCC_EponInterfaceConfig,true,2025-07-29T15:14:44.092Z,false,2025-07-29T15:14:44.092Z,"",,,,,,
InternetGatewayDevice.WANDevice.1.X_CMCC_EponInterfaceConfig.BiasCurrent,false,2025-07-29T15:14:44.092Z,false,2025-07-29T15:14:44.092Z,"",,,,,,
InternetGatewayDevice.WANDevice.1.X_CMCC_EponInterfaceConfig.RXPower,false,2025-07-29T15:14:44.092Z,false,2025-07-29T15:14:44.092Z,"30",xsd:int,2025-07-29T15:14:40.510Z,,,,
InternetGatewayDevice.WANDevice.1.X_CMCC_EponInterfaceConfig.Stats,true,2025-07-29T15:14:44.092Z,false,2025-07-29T15:14:44.092Z,"",,,,,,
InternetGatewayDevice.WANDevice.1.X_CMCC_EponInterfaceConfig.Status,false,2025-07-29T15:14:44.092Z,false,2025-07-29T15:14:44.092Z,"",,,,,,
InternetGatewayDevice.WANDevice.1.X_CMCC_EponInterfaceConfig.SupplyVottage,false,2025-07-29T15:14:44.092Z,false,2025-07-29T15:14:44.092Z,"",,,,,,
InternetGatewayDevice.WANDevice.1.X_CMCC_EponInterfaceConfig.TXPower,false,2025-07-29T15:14:44.092Z,false,2025-07-29T15:14:44.092Z,"",,,,,,
InternetGatewayDevice.WANDevice.1.X_CMCC_EponInterfaceConfig.TransceiverTemperature,false,2025-07-29T15:14:44.092Z,false,2025-07-29T15:14:44.092Z,"",,,,,,
InternetGatewayDevice.X_CMCC_IPSecVPN,true,2025-07-29T09:20:40.979Z,false,2025-07-29T09:20:40.979Z,"",,,,,,
InternetGatewayDevice.X_CMCC_IPoEDiagnostics,true,2025-07-29T09:20:40.979Z,false,2025-07-29T09:20:40.979Z,"",,,,,,
InternetGatewayDevice.X_CMCC_IPv6Layer3Forwarding,true,2025-07-29T09:20:40.979Z,false,2025-07-29T09:20:40.979Z,"",,,,,,
InternetGatewayDevice.X_CMCC_PPPOE_EMULATOR,true,2025-07-29T09:20:40.979Z,false,2025-07-29T09:20:40.979Z,"",,,,,,
InternetGatewayDevice.X_CMCC_Security,true,2025-07-29T09:20:40.979Z,false,2025-07-29T09:20:40.979Z,"",,,,,,
InternetGatewayDevice.X_CMCC_UplinkQoS,true,2025-07-29T09:20:40.979Z,false,2025-07-29T09:20:40.979Z,"",,,,,,
InternetGatewayDevice.X_CMCC_UserInfo,true,2025-07-29T09:20:40.979Z,false,2025-07-29T09:20:40.979Z,"",,,,,,
InternetGatewayDevice.X_CMCC_VXLAN,true,2025-07-29T09:20:40.979Z,false,2025-07-29T09:20:40.979Z,"",,,,,,
InternetGatewayDevice.X_Vendor_Device,true,2025-07-29T09:20:40.979Z,false,2025-07-29T09:20:40.979Z,"",,,,,,
VirtualParameters,true,2025-07-29T09:20:40.979Z,,,"",,,,,,
VirtualParameters.IPTR069,false,2025-07-29T09:20:40.979Z,false,2025-07-29T09:20:40.979Z,"10.255.3.240",xsd:string,2025-07-29T15:14:44.102Z,,,,
VirtualParameters.RXPower,false,2025-07-29T09:20:40.979Z,false,2025-07-29T09:20:40.979Z,"-25.22",xsd:string,2025-07-29T15:14:40.514Z,,,,
VirtualParameters.WlanPassword,false,2025-07-29T09:20:40.979Z,true,2025-07-29T09:20:40.979Z,"defaultPassword",xsd:string,2025-07-29T15:12:20.325Z,,,,
VirtualParameters.getdeviceuptime,false,2025-07-29T09:20:40.979Z,false,2025-07-29T09:20:40.979Z,"18d 21:00:57",xsd:string,2025-07-29T15:14:40.514Z,,,,
VirtualParameters.getponmode,false,2025-07-29T09:20:40.979Z,false,2025-07-29T09:20:40.979Z,"EPON",xsd:string,2025-07-29T15:14:44.102Z,,,,
VirtualParameters.pppoeIP,false,2025-07-29T09:20:40.979Z,false,2025-07-29T09:20:40.979Z,"10.2.3.160",xsd:string,2025-07-29T15:14:44.102Z,,,,
VirtualParameters.pppoeMac,false,2025-07-29T09:20:40.979Z,false,2025-07-29T09:20:40.979Z,"3C:F6:52:7B:D3:E0",xsd:string,2025-07-29T15:14:44.102Z,,,,
VirtualParameters.pppoePassword,false,2025-07-29T09:20:40.979Z,true,2025-07-29T09:20:40.979Z,"",xsd:string,2025-07-29T15:14:44.102Z,,,,